Product_ID,Product_Name,Category,Supplier_ID,Supplier_Name,Stock_Quantity,Reorder_Level,Reorder_Quantity,Unit_Price,Date_Received,Last_Order_Date,Expiration_Date,Warehouse_Location,Sales_Volume,Inventory_Turnover_Rate,Status
57-437-1828,Plum,Fruits & Vegetables,54-226-4308,Topicstorm,37,30,74,$4.00 ,7/3/2024,10/11/2024,10/5/2024,15068 Scoville Court,62,25,Backordered
39-629-5554,Egg (Goose),Dairy,67-679-4930,Muxo,44,90,17,$2.50 ,2/3/2025,4/9/2024,2/5/2025,267 International Plaza,21,91,Discontinued
66-268-8345,Greek Yogurt,Dairy,32-182-1895,Thoughtstorm,91,84,11,$3.00 ,12/4/2024,6/2/2024,1/8/2025,550 Clemons Plaza,56,90,Active
46-452-9419,Egg (Duck),Dairy,67-137-4215,Wordify,43,10,15,$1.00 ,11/18/2024,11/14/2024,7/8/2024,55782 Welch Hill,27,69,Active
11-073-0189,Plum,Fruits & Vegetables,75-190-3627,Voomm,95,50,76,$4.00 ,4/5/2024,9/21/2024,5/6/2024,5104 Jana Court,69,5,Active
22-621-2774,Strawberries,Fruits & Vegetables,70-901-6191,Babblestorm,54,26,16,$6.00 ,3/11/2024,6/30/2024,6/14/2024,00 Drewry Court,63,97,Active
39-449-0772,Feta Cheese,Dairy,84-504-7617,Youfeed,94,13,15,$7.00 ,2/27/2024,4/2/2024,10/5/2024,195 Portage Junction,20,24,Backordered
82-041-7211,Swiss Cheese,Dairy,03-615-0558,Reallinks,49,49,26,$8.00 ,9/10/2024,5/19/2024,7/1/2024,285 1st Park,78,61,Discontinued
25-349-7974,Spinach,Fruits & Vegetables,82-737-6019,Devshare,72,70,99,$2.50 ,10/7/2024,5/28/2024,6/22/2024,42 Bunker Hill Junction,82,32,Discontinued
66-627-9752,Trout,Seafood,87-839-6400,Jabbertype,49,73,48,$12.00 ,8/17/2024,10/1/2024,9/3/2024,08 Randy Junction,52,62,Active
78-614-4402,Green Beans,Fruits & Vegetables,51-014-4287,Gigazoom,81,99,28,$2.00 ,9/30/2024,2/14/2025,4/25/2024,37 Browning Trail,20,85,Discontinued
67-025-1245,Cabbage,Fruits & Vegetables,28-575-0716,Chatterbridge,88,46,55,$1.00 ,4/9/2024,3/6/2024,8/12/2024,51890 Lindbergh Terrace,73,63,Active
68-418-6724,Parmesan Cheese,Dairy,75-465-6257,Feedspan,63,4,85,$12.00 ,12/21/2024,1/13/2025,9/30/2024,49869 Bunker Hill Terrace,59,71,Active
02-508-3777,Egg (Quail),Dairy,69-933-2582,Realpoint,97,88,81,$0.80 ,11/5/2024,7/7/2024,6/26/2024,895 Northland Hill,97,18,Discontinued
79-741-0770,Mushrooms,Fruits & Vegetables,67-771-7656,Photospace,72,87,39,$6.00 ,6/24/2024,2/24/2025,3/17/2024,91 Kinsman Terrace,94,57,Active
16-499-5059,Pear,Fruits & Vegetables,09-090-6360,Centizu,77,20,5,$4.50 ,8/18/2024,11/19/2024,12/20/2024,3 Hooker Way,61,62,Discontinued
76-340-4432,Cucumber,Fruits & Vegetables,79-915-4185,Brainverse,19,36,72,$1.75 ,5/3/2024,3/28/2024,3/6/2024,157 David Center,31,81,Backordered
38-732-7667,Pineapple,Fruits & Vegetables,88-663-3393,Photojam,18,52,22,$3.50 ,8/23/2024,10/13/2024,9/28/2024,3645 Ridge Oak Drive,42,32,Backordered
73-401-5721,Haddock,Seafood,38-622-5251,Midel,46,28,73,$9.00 ,5/28/2024,10/28/2024,12/26/2024,582 Sauthoff Crossing,65,57,Discontinued
91-848-0606,Onion,Fruits & Vegetables,68-836-0350,Skyble,39,22,73,$2.00 ,6/11/2024,7/23/2024,10/28/2024,13 Corscot Hill,60,2,Active
70-612-2531,Pineapple,Fruits & Vegetables,94-217-4781,Flipbug,48,48,39,$3.45 ,3/17/2024,1/25/2025,10/30/2024,4 Raven Drive,51,50,Discontinued
26-161-6692,Zucchini,Fruits & Vegetables,61-796-7912,Kare,61,90,26,$2.50 ,12/22/2024,9/7/2024,9/19/2024,70001 Vahlen Lane,79,84,Discontinued
11-316-8405,Mango,Fruits & Vegetables,50-918-1373,Twitternation,24,55,51,$5.00 ,4/26/2024,2/24/2025,11/25/2024,108 Morning Center,39,15,Discontinued
34-086-3222,Lemon,Fruits & Vegetables,34-017-9457,Layo,12,7,48,$2.30 ,6/24/2024,12/25/2024,6/5/2024,867 Merrick Place,66,4,Discontinued
43-693-2092,Butter,Dairy,19-469-9841,Kayveo,51,100,70,$3.00 ,4/30/2024,10/21/2024,9/22/2024,76 Toban Plaza,40,21,Discontinued
52-481-5224,Kiwi,Fruits & Vegetables,46-382-2024,Fiveclub,45,24,61,$6.00 ,1/21/2025,2/7/2025,2/15/2025,80 Old Shore Plaza,44,34,Backordered
11-325-7396,Mango,Fruits & Vegetables,98-940-7545,Skipfire,92,46,13,$5.00 ,7/28/2024,10/18/2024,3/26/2024,387 Jay Point,24,75,Discontinued
91-105-7317,Orange,Fruits & Vegetables,84-047-0017,Devshare,85,45,71,$3.00 ,3/20/2024,12/28/2024,2/2/2025,44022 Barnett Way,95,72,Discontinued
40-751-8635,Pineapple,Fruits & Vegetables,48-878-3021,Yamia,44,80,84,$3.40 ,8/30/2024,10/17/2024,3/5/2024,3 Ronald Regan Center,96,68,Discontinued
68-761-6907,Zucchini,Fruits & Vegetables,31-199-3683,Brainverse,26,18,62,$2.50 ,7/28/2024,7/21/2024,2/2/2025,9695 Alpine Trail,57,86,Discontinued
27-635-8394,Orange,Fruits & Vegetables,87-893-6089,Twitterwire,88,37,61,$2.90 ,2/3/2025,11/13/2024,3/19/2024,812 Shelley Circle,63,35,Discontinued
41-729-5410,Sardines,Seafood,71-727-8611,Ntag,91,59,49,$6.00 ,10/23/2024,4/5/2024,6/26/2024,7193 Crownhardt Drive,30,63,Active
11-581-9869,Carrot,Fruits & Vegetables,22-867-3079,Avaveo,51,60,98,$1.50 ,5/1/2024,12/12/2024,9/26/2024,44801 Myrtle Center,44,95,Discontinued
75-152-8731,Pear,Fruits & Vegetables,05-593-1927,Voonix,82,65,69,$4.45 ,4/11/2024,11/12/2024,8/8/2024,622 Anthes Lane,30,78,Backordered
55-697-5242,Ricotta Cheese,Dairy,74-726-0855,Shufflebeat,51,53,88,$6.00 ,1/31/2025,6/30/2024,9/24/2024,19112 Little Fleur Road,54,59,Discontinued
66-993-4234,Cucumber,Fruits & Vegetables,15-852-0491,Gigazoom,13,60,100,$1.80 ,7/18/2024,1/16/2025,6/24/2024,22 Dexter Trail,44,32,Backordered
87-762-1317,Mozzarella Cheese,Dairy,58-474-3510,Dazzlesphere,45,63,75,$7.00 ,1/28/2025,11/20/2024,2/9/2025,9305 Warrior Way,83,5,Discontinued
81-844-2979,Broccoli,Fruits & Vegetables,02-575-7332,Realblab,73,87,46,$4.00 ,9/24/2024,1/15/2025,5/11/2024,16 Elgar Point,47,67,Discontinued
44-408-7594,Eggplant,Fruits & Vegetables,08-828-3804,Eire,39,21,5,$3.00 ,11/24/2024,5/1/2024,1/8/2025,81 Oneill Circle,51,98,Backordered
26-010-9519,Trout,Seafood,28-837-4164,Blogtag,29,72,96,$12.00 ,5/3/2024,11/26/2024,1/9/2025,4508 Shopko Trail,85,52,Active
65-464-5070,Heavy Cream,Dairy,01-517-7793,Ntags,12,60,73,$4.00 ,2/3/2025,3/16/2024,9/1/2024,00 Luster Alley,20,35,Discontinued
07-970-9352,Bell Pepper,Fruits & Vegetables,14-724-4622,Tagtune,96,33,72,$4.45 ,3/10/2024,5/16/2024,7/12/2024,459 Gateway Pass,74,100,Active
88-746-9468,Onion,Fruits & Vegetables,06-159-1957,Skiba,35,92,74,$2.00 ,11/25/2024,2/3/2025,11/14/2024,82737 Ryan Place,76,32,Active
06-336-5482,Sardines,Seafood,99-784-4391,Voolia,89,34,15,$6.00 ,12/31/2024,3/8/2024,8/24/2024,7 Mockingbird Hill,60,2,Discontinued
03-276-3931,Mango,Fruits & Vegetables,42-224-8186,Oyoloo,60,36,28,$4.50 ,6/30/2024,9/18/2024,12/20/2024,081 Bellgrove Place,26,29,Active
12-239-9399,Potato,Fruits & Vegetables,53-584-1853,Tagtune,28,40,27,$1.20 ,12/14/2024,7/29/2024,10/27/2024,924 La Follette Alley,30,56,Active
11-032-9778,Peas,Fruits & Vegetables,42-380-8881,Edgepulse,99,1,4,$3.00 ,12/13/2024,1/27/2025,8/19/2024,553 Mayfield Crossing,50,53,Backordered
54-374-9986,Cream,Dairy,33-818-4917,Oyondu,92,52,80,$2.50 ,6/3/2024,10/22/2024,3/21/2024,74997 Katie Terrace,72,96,Discontinued
77-312-6317,Spinach,Fruits & Vegetables,12-950-4397,Abatz,41,29,76,$2.40 ,2/26/2024,9/13/2024,10/1/2024,3616 Carey Pass,59,4,Discontinued
13-844-2178,Sardines,Seafood,66-832-1802,Browsetype,44,67,48,$6.00 ,9/5/2024,9/21/2024,3/24/2024,86207 Tennyson Parkway,90,11,Active
26-177-5690,Cucumber,Fruits & Vegetables,06-708-1412,Skinte,85,33,50,$1.80 ,3/6/2024,7/15/2024,1/21/2025,61707 Mariners Cove Park,64,38,Discontinued
70-871-4536,Swiss Cheese,Dairy,72-514-7323,Cogilith,29,4,17,$8.00 ,1/19/2025,11/13/2024,6/17/2024,5 Waxwing Junction,59,52,Active
89-543-3456,Blueberries,Fruits & Vegetables,23-178-8962,Jaloo,66,40,96,$10.00 ,2/28/2024,6/22/2024,2/6/2025,22782 Oriole Way,24,61,Active
14-305-5348,Cheese,Dairy,71-092-6845,Shuffledrive,53,63,2,$9.00 ,8/2/2024,10/12/2024,3/20/2024,19 Shoshone Circle,56,95,Active
25-010-9478,Eggplant,Fruits & Vegetables,24-576-3402,Topicblab,74,30,24,$3.00 ,8/9/2024,10/13/2024,7/31/2024,357 Maple Park,82,12,Active
13-202-4809,Garlic,Fruits & Vegetables,24-281-7685,Katz,27,22,89,$7.00 ,5/1/2024,7/28/2024,5/20/2024,6195 Monterey Center,91,77,Discontinued
80-988-4653,Zucchini,Fruits & Vegetables,02-272-0535,Livetube,43,66,85,$2.50 ,4/20/2024,9/14/2024,4/19/2024,8 Russell Pass,66,65,Discontinued
34-861-4446,Ricotta Cheese,Dairy,40-696-4237,Photobug,66,40,8,$6.00 ,11/27/2024,1/18/2025,1/6/2025,113 Donald Court,43,49,Active
49-891-4927,Cottage Cheese,Dairy,89-155-3471,Midel,37,5,1,$5.00 ,1/2/2025,2/26/2024,11/28/2024,46 Hoffman Trail,68,99,Active
55-522-8242,Whipped Cream,Dairy,48-884-5431,Feedbug,29,36,40,$4.00 ,11/8/2024,3/30/2024,9/7/2024,7 Spohn Avenue,60,96,Backordered
64-478-4745,Lemon,Fruits & Vegetables,36-780-8625,Mydo,63,81,94,$2.50 ,6/4/2024,4/20/2024,11/19/2024,208 Miller Court,56,2,Active
35-835-5591,Tilapia,Seafood,54-876-4296,Fiveclub,95,63,73,$7.00 ,11/17/2024,6/5/2024,3/8/2024,509 Carpenter Trail,61,38,Backordered
26-690-3784,Lettuce,Fruits & Vegetables,70-463-6597,Fadeo,58,5,1,$2.00 ,10/2/2024,10/14/2024,4/6/2024,19069 Cordelia Drive,53,80,Active
67-625-9704,Sardines,Seafood,13-475-1009,Eayo,33,18,92,$6.00 ,6/3/2024,9/26/2024,7/18/2024,7819 Fallview Park,98,56,Discontinued
50-364-5828,Coconut,Fruits & Vegetables,17-239-6309,Mydo,89,57,92,$5.00 ,8/15/2024,6/14/2024,12/23/2024,772 Golf Course Junction,38,16,Active
61-827-4098,Cod,Seafood,34-850-0377,Devbug,23,42,87,$8.00 ,2/1/2025,7/15/2024,3/24/2024,29992 Warrior Center,63,5,Backordered
87-698-0944,Banana,Fruits & Vegetables,73-717-0190,Vinder,56,12,59,$98.43 ,9/17/2024,8/27/2024,2/2/2025,8 Heffernan Point,35,16,Active
98-556-5323,Pomegranate,Fruits & Vegetables,21-490-8051,Dynabox,60,61,2,$6.00 ,5/13/2024,8/12/2024,8/27/2024,005 Tomscot Hill,96,50,Active
97-772-2336,Pineapple,Fruits & Vegetables,19-704-4404,Rooxo,70,30,69,$3.50 ,8/13/2024,2/3/2025,7/14/2024,9 Bartillon Trail,44,42,Discontinued
19-047-4239,Peach,Fruits & Vegetables,11-146-9880,Quire,47,72,73,$4.00 ,5/21/2024,3/30/2024,4/30/2024,7 West Street,93,27,Backordered
15-907-3681,Plum,Fruits & Vegetables,72-931-9828,Brainsphere,20,42,21,$3.85 ,11/28/2024,1/27/2025,2/20/2025,21633 Sycamore Center,61,25,Discontinued
44-552-3909,Pear,Fruits & Vegetables,80-863-1186,Riffwire,61,50,9,$4.50 ,10/8/2024,2/26/2024,1/19/2025,6 Charing Cross Circle,24,92,Active
74-587-2065,Pear,Fruits & Vegetables,33-141-1402,Gigaclub,29,20,85,$4.50 ,10/27/2024,2/20/2025,3/2/2024,84642 Clarendon Point,31,31,Active
70-149-6756,Heavy Cream,Dairy,97-150-9199,Skynoodle,14,99,97,$4.20 ,4/21/2024,1/6/2025,6/26/2024,6 Messerschmidt Place,28,45,Discontinued
57-613-5779,Gouda Cheese,Dairy,29-009-9132,Thoughtblab,100,21,64,$7.00 ,6/19/2024,3/11/2024,8/29/2024,6 John Wall Plaza,20,13,Backordered
28-956-1320,Greek Yogurt,Dairy,01-445-8931,Thoughtblab,62,2,98,$3.00 ,5/23/2024,10/18/2024,9/5/2024,95 Onsgard Way,50,11,Discontinued
87-791-5803,Tuna,Seafood,89-843-0880,Meemm,25,44,96,$18.00 ,7/4/2024,3/9/2024,9/1/2024,8 Fremont Circle,36,16,Active
14-521-4167,Buttermilk,Dairy,68-609-1972,Vinder,47,2,76,$2.50 ,5/13/2024,6/29/2024,3/6/2024,00847 Reindahl Place,48,36,Discontinued
51-572-5497,Orange,Fruits & Vegetables,43-035-3382,Kanoodle,15,44,88,$3.00 ,8/31/2024,2/13/2025,4/28/2024,9516 Burrows Circle,56,12,Discontinued
28-840-6096,Pomegranate,Fruits & Vegetables,15-444-8224,Flipopia,19,65,48,$6.00 ,9/9/2024,2/14/2025,9/12/2024,92655 Pond Park,59,53,Discontinued
44-538-3366,Tuna,Seafood,33-898-6242,Realbridge,58,77,96,$18.00 ,9/11/2024,4/17/2024,3/30/2024,46 Cardinal Way,25,17,Discontinued
51-459-5630,Sour Cream,Dairy,29-567-3732,Skyvu,11,30,4,$4.00 ,8/2/2024,9/29/2024,12/14/2024,805 Center Parkway,84,4,Active
96-316-7600,Bell Pepper,Fruits & Vegetables,76-671-7104,Linklinks,70,31,55,$4.50 ,7/31/2024,7/27/2024,7/7/2024,6 Swallow Crossing,23,80,Discontinued
58-063-8633,Bell Pepper,Fruits & Vegetables,21-932-5200,Skimia,50,3,88,$4.50 ,7/21/2024,6/30/2024,9/22/2024,33424 Express Avenue,69,73,Discontinued
43-703-9939,Pineapple,Fruits & Vegetables,69-928-4929,Bubblemix,55,91,35,$3.50 ,5/8/2024,5/22/2024,2/17/2025,4 Sundown Place,81,19,Active
88-069-5486,Cod,Seafood,95-878-1614,Buzzshare,31,87,19,$8.00 ,5/23/2024,7/13/2024,5/1/2024,01330 Sheridan Way,41,10,Active
81-605-6246,Sardines,Seafood,62-086-0407,Shufflester,73,31,49,$6.00 ,1/26/2025,3/2/2024,3/6/2024,65721 Caliangt Crossing,22,47,Discontinued
27-262-2437,Swiss Cheese,Dairy,05-181-2682,Skidoo,80,9,29,$8.10 ,8/26/2024,11/20/2024,10/9/2024,739 Swallow Road,54,62,Active
39-479-5147,Tuna,Seafood,02-156-7270,Meedoo,92,68,79,$18.00 ,12/24/2024,8/18/2024,4/4/2024,14 Talmadge Park,40,57,Discontinued
71-085-4290,Cucumber,Fruits & Vegetables,26-593-3478,Eire,31,98,72,$1.80 ,8/26/2024,10/7/2024,12/4/2024,2 Basil Street,91,29,Active
48-957-6116,Eggplant,Fruits & Vegetables,34-334-6888,Topicstorm,31,44,9,$3.00 ,5/30/2024,5/16/2024,8/5/2024,938 Hanover Point,46,9,Discontinued
83-917-7384,Garlic,Fruits & Vegetables,84-923-5086,Tavu,76,97,20,$7.00 ,3/27/2024,8/24/2024,5/11/2024,3 Ilene Terrace,52,82,Discontinued
03-149-9760,Whipped Cream,Dairy,08-141-2402,Yotz,92,99,93,$4.00 ,2/19/2025,7/13/2024,3/26/2024,554 Eliot Point,43,90,Discontinued
53-680-5293,Cheddar Cheese,Dairy,47-732-4446,Demizz,88,74,97,$9.00 ,5/28/2024,5/31/2024,8/24/2024,97687 Mendota Terrace,79,5,Active
49-861-7823,Coconut,Fruits & Vegetables,22-152-0111,Skippad,99,8,27,$5.00 ,7/16/2024,7/13/2024,8/10/2024,26 Graceland Circle,41,50,Discontinued
24-364-3341,Egg (Turkey),Dairy,13-290-8513,Topiclounge,44,84,63,$2.50 ,7/29/2024,4/11/2024,9/25/2024,120 Gale Circle,51,67,Discontinued
53-446-8243,Orange,Fruits & Vegetables,51-666-7174,Skipfire,41,94,4,$3.00 ,2/4/2025,7/26/2024,4/23/2024,757 Grasskamp Drive,88,92,Discontinued
98-235-2711,Asparagus,Fruits & Vegetables,23-052-4744,Devpoint,22,40,7,$5.00 ,9/12/2024,12/31/2024,1/26/2025,5 Transport Pass,98,60,Active
97-040-3822,Swiss Cheese,Dairy,78-459-1417,Gevee,50,99,73,$8.00 ,5/12/2024,8/23/2024,5/17/2024,42 Clemons Terrace,42,1,Backordered
10-002-6494,Mango,Fruits & Vegetables,47-509-7282,Meevee,89,92,62,$4.80 ,3/2/2024,7/8/2024,11/11/2024,48 Vahlen Place,46,11,Backordered
12-998-3882,Egg (Turkey),Dairy,06-151-9076,Bluezoom,76,54,76,$2.50 ,10/1/2024,8/17/2024,5/26/2024,94862 Beilfuss Terrace,69,27,Backordered
34-075-0371,Watermelon,Fruits & Vegetables,32-771-2617,Latz,75,10,68,$3.00 ,9/11/2024,1/10/2025,12/3/2024,0039 Shelley Place,90,42,Active
46-931-6897,Cream,Dairy,22-946-8052,Meevee,29,32,26,$2.50 ,9/21/2024,6/15/2024,9/15/2024,44 Kensington Road,64,85,Discontinued
47-578-4161,Anchovies,Seafood,96-001-5429,Jaxspan,88,56,81,$10.00 ,5/10/2024,3/10/2024,9/14/2024,5 Forest Run Way,98,86,Discontinued
18-199-5799,Cheddar Cheese,Dairy,76-870-2139,Jayo,40,81,40,$9.00 ,10/9/2024,4/28/2024,10/30/2024,87784 Blaine Way,40,48,Backordered
01-144-5960,Trout,Seafood,80-848-7493,Zazio,75,25,99,$12.00 ,10/20/2024,5/29/2024,7/13/2024,52105 Mandrake Place,89,42,Active
96-774-0457,Cod,Seafood,71-991-5737,Izio,56,50,80,$8.00 ,2/24/2025,3/12/2024,10/22/2024,7369 Thackeray Drive,99,5,Discontinued
98-064-4465,Mozzarella Cheese,Dairy,93-719-9817,Feedfire,96,38,17,$7.00 ,4/19/2024,10/1/2024,11/11/2024,109 Twin Pines Avenue,72,84,Active
18-278-2383,Gouda Cheese,Dairy,73-210-4267,Skimia,97,77,13,$7.00 ,11/11/2024,9/15/2024,7/2/2024,96 American Center,43,40,Backordered
63-822-5278,Pomegranate,Fruits & Vegetables,27-636-1606,Kamba,14,66,1,$6.00 ,8/13/2024,12/13/2024,2/27/2024,5900 Vahlen Avenue,86,15,Backordered
47-554-5780,Haddock,Seafood,62-979-5038,Babbleopia,93,62,65,$9.00 ,6/9/2024,6/22/2024,4/17/2024,1 Westport Crossing,78,87,Active
51-462-0747,Lime,Fruits & Vegetables,40-417-9838,Vinder,21,30,32,$2.00 ,1/22/2025,2/7/2025,3/10/2024,453 Dryden Park,43,54,Backordered
90-492-0564,Pomegranate,Fruits & Vegetables,18-085-1667,Shuffledrive,92,96,56,$6.00 ,11/18/2024,6/25/2024,7/20/2024,54 Pawling Crossing,32,22,Discontinued
38-822-8005,Cucumber,Fruits & Vegetables,45-886-1540,Innojam,47,20,65,$1.75 ,1/19/2025,1/12/2025,3/31/2024,6 Stang Hill,49,19,Backordered
60-285-3783,Mushrooms,Fruits & Vegetables,58-827-9061,Youfeed,51,62,95,$6.00 ,4/7/2024,3/28/2024,1/15/2025,37973 Parkside Junction,52,21,Active
00-215-7434,Egg (Goose),Dairy,85-272-3969,Quatz,14,63,74,$2.50 ,4/28/2024,2/19/2025,11/28/2024,389 Ridgeway Park,59,63,Backordered
68-734-1585,Greek Yogurt,Fruits & Vegetables,54-537-5633,Meeveo,62,44,11,$51.17 ,1/8/2025,4/16/2024,7/13/2024,3 Hagan Drive,92,37,Discontinued
08-703-1382,Peach,Fruits & Vegetables,29-975-3449,Wikizz,40,53,7,$4.00 ,2/21/2025,3/6/2024,6/21/2024,082 Clove Plaza,70,20,Backordered
87-675-1506,Strawberries,Fruits & Vegetables,21-697-8128,Skalith,31,89,7,$5.90 ,8/26/2024,12/7/2024,5/21/2024,60241 Portage Point,46,54,Discontinued
67-027-7269,Mushrooms,Fruits & Vegetables,50-050-5707,Twitterbeat,35,19,30,$6.50 ,1/6/2025,11/30/2024,11/9/2024,615 Mayer Drive,88,6,Backordered
72-066-4597,Broccoli,Fruits & Vegetables,97-994-0773,Zoovu,31,54,52,$4.00 ,2/20/2025,12/8/2024,12/13/2024,03 Fisk Alley,69,77,Active
09-286-8107,Greek Yogurt,Dairy,90-727-4816,Skyndu,90,62,54,$3.00 ,1/20/2025,9/7/2024,12/15/2024,75 Bunting Junction,70,83,Discontinued
15-762-1058,Lime,Fruits & Vegetables,32-914-1424,Tazz,29,83,91,$2.00 ,11/29/2024,2/7/2025,1/4/2025,083 Mccormick Park,81,53,Backordered
01-173-0029,Blueberries,Fruits & Vegetables,18-880-7910,DabZ,42,4,53,$10.00 ,1/10/2025,7/5/2024,4/12/2024,8 Dakota Avenue,37,53,Active
79-400-6216,Mozzarella Cheese,Dairy,83-361-7509,Devpoint,16,56,13,$7.20 ,2/10/2025,3/10/2024,10/2/2024,4 Warbler Center,56,28,Discontinued
80-072-8774,Tuna,Seafood,61-222-8413,Viva,89,95,41,$18.00 ,9/24/2024,7/6/2024,10/15/2024,239 Anderson Court,76,96,Discontinued
46-753-8430,Feta Cheese,Dairy,35-042-9391,Rhynyx,98,77,7,$7.00 ,10/2/2024,11/19/2024,8/5/2024,60356 Derek Lane,92,29,Discontinued
48-461-3742,Kiwi,Fruits & Vegetables,78-381-5054,Zooveo,37,8,50,$6.00 ,7/6/2024,5/17/2024,1/23/2025,42719 Milwaukee Avenue,47,62,Discontinued
44-476-0390,Lemon,Fruits & Vegetables,48-562-3582,Flashspan,90,92,56,$2.50 ,7/28/2024,4/27/2024,3/14/2024,022 Pierstorff Point,71,13,Active
94-029-2717,Broccoli,Fruits & Vegetables,37-878-9392,Jetpulse,40,8,98,$4.00 ,7/26/2024,2/6/2025,6/9/2024,071 Nobel Circle,86,12,Discontinued
49-526-7806,Kale,Fruits & Vegetables,66-973-4855,Yodoo,77,52,28,$4.00 ,12/19/2024,11/19/2024,5/1/2024,6744 Helena Pass,48,43,Active
32-933-0329,Blueberries,Fruits & Vegetables,86-760-5412,Linklinks,23,38,54,$10.00 ,1/17/2025,7/14/2024,4/15/2024,57150 Del Sol Alley,40,15,Active
85-440-3667,Gouda Cheese,Dairy,00-680-5333,Kamba,68,29,31,$7.00 ,8/6/2024,6/3/2024,9/9/2024,6151 Forster Drive,53,20,Backordered
99-561-4871,Haddock,Seafood,04-786-5408,Buzzdog,17,38,93,$9.00 ,2/14/2025,8/20/2024,7/28/2024,952 Rowland Junction,100,63,Active
61-607-7622,Egg (Duck),Dairy,77-175-2969,Zoonoodle,23,38,25,$1.00 ,5/13/2024,2/21/2025,1/15/2025,329 Helena Park,84,78,Discontinued
11-745-3025,Peach,Fruits & Vegetables,54-711-1582,Oyoloo,15,27,21,$4.00 ,6/11/2024,2/21/2025,9/3/2024,3104 Ridge Oak Hill,37,67,Backordered
56-810-0550,Mackerel,Seafood,94-145-9423,Janyx,71,7,6,$7.50 ,8/29/2024,12/2/2024,9/4/2024,376 Reinke Court,52,68,Backordered
59-075-2457,Egg (Goose),Dairy,18-733-2453,Dynava,97,26,15,$2.50 ,8/21/2024,2/3/2025,11/10/2024,2 Barby Lane,33,58,Discontinued
40-021-2400,Zucchini,Fruits & Vegetables,62-648-2577,Katz,29,18,86,$2.50 ,10/24/2024,11/16/2024,5/11/2024,265 Columbus Way,53,69,Active
29-017-6255,Bell Pepper,Fruits & Vegetables,43-348-2450,Eimbee,46,64,17,$4.60 ,3/1/2024,1/6/2025,1/31/2025,20 Pennsylvania Parkway,96,55,Discontinued
92-291-7089,Cheese,Dairy,08-523-5066,Jaxspan,76,15,99,$9.50 ,2/1/2025,7/26/2024,5/6/2024,9307 Kingsford Road,60,49,Discontinued
69-287-9113,Zucchini,Fruits & Vegetables,20-952-0731,Jaxspan,59,91,24,$2.50 ,10/27/2024,6/29/2024,12/16/2024,11 Golden Leaf Alley,54,87,Active
76-540-6407,Orange,Fruits & Vegetables,78-644-5877,Demimbu,92,54,73,$3.10 ,2/7/2025,1/17/2025,12/13/2024,77 Prairie Rose Park,79,1,Backordered
85-561-4694,Kiwi,Fruits & Vegetables,57-486-8971,Tazz,28,27,22,$6.00 ,5/15/2024,8/15/2024,5/11/2024,1 Lake View Trail,70,30,Discontinued
34-928-2775,Coconut,Fruits & Vegetables,07-959-3210,Browseblab,19,47,25,$5.00 ,12/18/2024,2/24/2025,1/28/2025,7945 Mayer Center,96,37,Discontinued
90-773-9557,Butter,Dairy,02-165-5779,Npath,85,28,21,$3.00 ,8/20/2024,6/30/2024,6/12/2024,904 Del Mar Crossing,45,89,Active
28-008-2951,Broccoli,Fruits & Vegetables,64-118-1480,Buzzster,95,29,28,$4.00 ,7/20/2024,1/16/2025,5/20/2024,26 Barnett Junction,52,46,Discontinued
19-214-5762,Pear,Fruits & Vegetables,88-108-3774,Gigashots,41,52,75,$4.50 ,4/6/2024,4/24/2024,10/13/2024,7 Bonner Terrace,57,62,Backordered
95-349-0828,Feta Cheese,Dairy,43-977-2343,Avaveo,97,57,84,$7.00 ,9/27/2024,8/29/2024,2/6/2025,60 Towne Hill,95,28,Active
00-963-2193,Milk,Dairy,39-521-8484,Thoughtsphere,43,88,33,$1.00 ,7/19/2024,2/3/2025,12/23/2024,5030 Moose Junction,84,75,Discontinued
24-972-6969,Cheese,Dairy,27-532-7847,Twitterbeat,69,53,32,$9.20 ,9/11/2024,5/28/2024,6/13/2024,5862 Hooker Pass,28,56,Active
94-190-5193,Carrot,Fruits & Vegetables,95-778-2888,Quinu,67,68,50,$1.50 ,9/23/2024,11/21/2024,4/9/2024,24385 Prentice Plaza,67,82,Discontinued
68-977-2498,Grapes,Fruits & Vegetables,26-222-1156,Skinix,88,99,41,$5.50 ,7/30/2024,5/20/2024,7/21/2024,6482 Ramsey Alley,93,99,Backordered
91-257-3672,Tilapia,Seafood,30-438-6295,InnoZ,78,75,3,$7.00 ,8/8/2024,12/18/2024,7/5/2024,10997 Dexter Parkway,63,100,Active
38-296-6634,Peas,Fruits & Vegetables,41-083-3955,Skipfire,49,46,8,$3.00 ,10/22/2024,3/31/2024,12/10/2024,160 Kings Street,82,21,Discontinued
83-763-5038,Buttermilk,Dairy,26-438-8349,Jatri,52,64,54,$2.40 ,11/22/2024,9/9/2024,10/23/2024,5 Armistice Parkway,21,55,Backordered
37-709-3532,Mushrooms,Fruits & Vegetables,08-439-3820,Demivee,79,45,39,$6.00 ,10/29/2024,11/7/2024,5/11/2024,524 Saint Paul Park,55,20,Backordered
98-575-4736,Cucumber,Fruits & Vegetables,44-429-6199,Flashset,76,11,15,$1.80 ,10/20/2024,5/25/2024,9/17/2024,83 Pleasure Street,22,91,Active
57-861-4379,Swiss Cheese,Dairy,73-383-4390,Feedmix,93,8,51,$8.00 ,2/28/2024,5/15/2024,2/4/2025,64407 Marcy Plaza,93,85,Backordered
00-119-8780,Halibut,Seafood,14-703-2550,Jaxspan,40,81,78,$20.00 ,2/17/2025,7/16/2024,3/4/2024,21 Sunbrook Court,39,65,Backordered
28-824-9017,Trout,Seafood,93-712-3934,Flipbug,19,94,17,$11.50 ,8/22/2024,6/8/2024,6/14/2024,4 Jay Terrace,96,74,Discontinued
16-380-0753,Apricot,Fruits & Vegetables,24-603-5521,Quinu,38,22,71,$5.00 ,10/7/2024,5/16/2024,5/8/2024,701 Logan Court,33,62,Active
26-535-4727,Tilapia,Seafood,17-939-1338,Jamia,93,25,23,$7.00 ,6/21/2024,8/17/2024,4/29/2024,4 Darwin Circle,72,83,Backordered
59-857-6577,Evaporated Milk,Dairy,57-569-7172,Blognation,23,100,77,$2.00 ,5/10/2024,8/10/2024,3/4/2024,230 Tony Court,63,26,Discontinued
39-315-3936,Heavy Cream,Dairy,99-034-7010,Yata,57,62,72,$4.00 ,2/21/2025,9/25/2024,8/10/2024,850 Glacier Hill Drive,23,4,Backordered
87-199-2743,Papaya,Fruits & Vegetables,54-907-6531,Demivee,59,74,100,$4.50 ,3/26/2024,9/15/2024,11/12/2024,38695 Kenwood Circle,63,69,Active
60-771-0879,Blueberries,Fruits & Vegetables,90-554-0576,Kayveo,89,15,22,$10.00 ,11/17/2024,2/11/2025,5/3/2024,9 Karstens Center,79,42,Discontinued
00-440-9568,Blueberries,Fruits & Vegetables,43-605-2448,Kamba,53,98,25,$10.00 ,9/23/2024,9/4/2024,12/20/2024,052 Northland Trail,55,51,Active
07-074-1196,Plum,Fruits & Vegetables,69-112-6969,Skajo,11,56,62,$3.90 ,4/14/2024,1/10/2025,10/10/2024,27 New Castle Avenue,40,5,Backordered
69-674-5387,Yogurt,Dairy,04-313-0298,Miboo,59,27,63,$1.75 ,6/15/2024,6/27/2024,2/1/2025,6211 Hanson Terrace,92,82,Discontinued
08-940-8578,Onion,Fruits & Vegetables,37-686-1726,Oba,34,29,65,$2.00 ,5/3/2024,10/4/2024,11/22/2024,74 Menomonie Point,90,23,Discontinued
94-020-6982,Tuna,Seafood,72-649-3163,Thoughtstorm,25,75,27,$18.00 ,1/2/2025,10/5/2024,5/4/2024,381 Rutledge Place,31,36,Active
42-879-9478,Anchovies,Seafood,00-900-0119,Zoonder,81,22,20,$10.00 ,6/1/2024,2/23/2025,8/22/2024,86 Porter Junction,95,77,Discontinued
00-405-7428,Apple,Fruits & Vegetables,42-746-2717,Zava,81,74,45,$3.50 ,1/20/2025,1/27/2025,1/12/2025,42 Mallory Court,42,23,Discontinued
87-997-0228,Watermelon,Fruits & Vegetables,55-156-6528,Topicblab,71,4,37,$3.00 ,9/15/2024,10/24/2024,12/27/2024,26240 Maple Wood Place,81,25,Discontinued
05-498-7751,Cauliflower,Fruits & Vegetables,17-963-6051,Abata,52,22,37,$2.50 ,10/28/2024,7/10/2024,3/24/2024,30408 5th Way,56,44,Active
55-631-7937,Greek Yogurt,Dairy,79-508-5241,Avamba,26,54,90,$3.00 ,10/15/2024,6/19/2024,1/21/2025,82 Drewry Junction,25,81,Active
27-389-3529,Haddock,Seafood,73-201-2803,Feedfish,84,8,54,$9.00 ,1/14/2025,4/23/2024,3/9/2024,234 Eagle Crest Avenue,60,38,Active
84-272-0790,Blueberries,Fruits & Vegetables,00-635-4638,Eidel,28,86,44,$10.00 ,5/23/2024,11/18/2024,7/29/2024,53 Caliangt Junction,48,12,Backordered
01-903-5373,Strawberries,Fruits & Vegetables,37-902-0286,Lazz,94,77,89,$6.00 ,9/30/2024,6/20/2024,6/21/2024,32525 Marquette Park,40,84,Discontinued
49-311-3063,Kiwi,Fruits & Vegetables,15-947-9718,Talane,47,75,53,$6.00 ,2/6/2025,10/3/2024,7/3/2024,71 Bultman Drive,70,20,Discontinued
04-453-5485,Tomato,Fruits & Vegetables,43-880-2879,Quatz,84,20,58,$2.50 ,4/8/2024,1/10/2025,4/2/2024,2 Sunbrook Lane,86,64,Backordered
42-141-5718,Cheese,Dairy,67-662-3444,Mydeo,100,31,43,$9.00 ,9/13/2024,1/6/2025,12/26/2024,1700 Briar Crest Parkway,88,52,Backordered
89-602-6755,Milk,Dairy,51-054-3811,BlogXS,74,90,26,$1.00 ,5/23/2024,2/7/2025,7/17/2024,4 Bashford Court,24,11,Discontinued
15-240-6267,Eggplant,Fruits & Vegetables,12-983-3026,Mybuzz,91,55,94,$3.00 ,3/11/2024,4/10/2024,4/26/2024,25784 Old Gate Crossing,42,93,Active
05-193-8096,Grapes,Fruits & Vegetables,86-709-5618,Rhynoodle,82,21,85,$5.50 ,4/14/2024,3/19/2024,7/8/2024,38 Rutledge Plaza,39,18,Backordered
83-716-2177,Halibut,Seafood,79-518-8344,Linktype,18,46,26,$20.00 ,4/10/2024,10/10/2024,9/13/2024,26266 Esker Point,57,95,Backordered
08-725-8156,Tilapia,Seafood,32-196-4714,Flipopia,59,59,10,$7.00 ,8/18/2024,11/10/2024,3/15/2024,73397 Steensland Circle,57,50,Active
15-679-3935,Grapes,Fruits & Vegetables,35-906-1010,Jabbersphere,22,69,87,$5.50 ,2/9/2025,6/15/2024,2/20/2025,95 Garrison Plaza,34,26,Backordered
81-578-7404,Gouda Cheese,Dairy,90-177-6733,Rhyloo,67,79,98,$7.00 ,2/13/2025,8/11/2024,4/6/2024,5989 Longview Drive,73,36,Active
82-380-5378,Cheese,Dairy,96-353-3049,Oozz,78,24,31,$9.00 ,6/1/2024,6/3/2024,3/7/2024,05518 Saint Paul Street,60,41,Active
78-362-8578,Lemon,Fruits & Vegetables,57-633-6273,Vimbo,72,32,80,$2.45 ,7/6/2024,11/17/2024,4/10/2024,86 Corben Crossing,25,9,Backordered
32-261-0008,Heavy Cream,Dairy,26-073-5798,Oyoyo,63,48,22,$4.00 ,5/30/2024,2/18/2025,7/18/2024,2 Kingsford Center,21,90,Discontinued
80-334-0215,Grapes,Fruits & Vegetables,19-156-3869,Camimbo,88,27,92,$5.50 ,11/27/2024,4/30/2024,6/22/2024,611 Waubesa Circle,57,37,Discontinued
48-957-8596,Banana,Fruits & Vegetables,40-817-2222,Youfeed,95,25,91,$53.82 ,9/4/2024,4/24/2024,10/18/2024,3825 Raven Avenue,87,5,Discontinued
37-246-0018,Broccoli,Fruits & Vegetables,61-907-0994,Skilith,30,59,76,$4.00 ,3/20/2024,1/14/2025,4/11/2024,52 Alpine Crossing,61,3,Discontinued
17-002-4721,Green Beans,Fruits & Vegetables,38-310-4533,Omba,31,55,5,$2.00 ,9/10/2024,2/18/2025,10/29/2024,379 Duke Court,71,46,Active
47-802-5023,Cod,Seafood,51-010-8144,Buzzster,16,20,45,$8.00 ,4/30/2024,10/18/2024,6/7/2024,7096 Mcguire Park,81,62,Active
57-903-6434,Tomato,Fruits & Vegetables,30-460-3122,Shuffledrive,44,67,15,$2.50 ,3/13/2024,3/10/2024,3/23/2024,34 Linden Court,82,51,Active
95-252-9619,Carrot,Fruits & Vegetables,38-819-2922,Skynoodle,92,39,50,$1.60 ,12/27/2024,12/7/2024,11/9/2024,57453 Northwestern Alley,30,41,Backordered
06-797-4963,Pomegranate,Fruits & Vegetables,41-821-0197,Innojam,52,8,37,$6.00 ,8/31/2024,8/15/2024,8/16/2024,1008 Welch Street,38,81,Active
39-768-8205,Egg (Turkey),Dairy,07-987-4536,Gigabox,56,97,29,$2.50 ,2/28/2024,7/17/2024,11/29/2024,32 Rigney Terrace,82,100,Backordered
03-043-9933,Strawberries,Fruits & Vegetables,48-450-4126,Yombu,16,23,76,$6.10 ,7/21/2024,2/9/2025,2/8/2025,884 Fieldstone Plaza,50,27,Backordered
29-823-6004,Zucchini,Fruits & Vegetables,10-295-7996,Trudeo,52,79,87,$2.50 ,6/11/2024,4/4/2024,3/10/2024,3 Lawn Park,36,100,Discontinued
40-462-2952,Trout,Seafood,57-323-8059,Browsezoom,91,68,80,$11.50 ,8/12/2024,10/14/2024,11/19/2024,0258 Shoshone Center,81,85,Backordered
71-999-2404,Mango,Fruits & Vegetables,01-285-0018,Meezzy,58,58,28,$4.70 ,3/18/2024,8/5/2024,1/29/2025,18 Warrior Circle,85,63,Active
03-919-9890,Halibut,Seafood,69-289-8783,Wikibox,47,29,70,$20.00 ,8/9/2024,12/7/2024,7/25/2024,7 Riverside Road,61,44,Active
08-213-2058,Sour Cream,Dairy,13-179-9553,Babblestorm,43,73,14,$4.00 ,7/28/2024,9/7/2024,8/26/2024,33 Clarendon Hill,59,65,Active
51-312-8608,Cheddar Cheese,Dairy,06-315-0552,Jabbersphere,68,60,21,$8.90 ,2/27/2024,10/2/2024,4/29/2024,406 Westridge Alley,79,46,Active
67-512-9754,Egg (Turkey),Dairy,35-941-2585,DabZ,19,100,83,$2.50 ,4/25/2024,7/21/2024,3/22/2024,69 Orin Plaza,66,28,Discontinued
45-402-0421,Swiss Cheese,Dairy,87-201-6047,Quinu,70,84,72,$8.00 ,7/20/2024,12/8/2024,7/14/2024,36 Longview Street,71,20,Active
85-207-4164,Eggplant,Fruits & Vegetables,07-067-3439,Tanoodle,97,20,72,$3.00 ,2/29/2024,2/6/2025,12/10/2024,41 Comanche Park,29,59,Backordered
21-718-6746,Coconut,Fruits & Vegetables,96-012-3393,Eamia,16,53,12,$5.00 ,6/11/2024,1/20/2025,6/6/2024,277 Pawling Terrace,21,29,Discontinued
93-966-7754,Pineapple,Fruits & Vegetables,78-787-7171,Quinu,65,35,3,$3.50 ,8/11/2024,1/18/2025,9/27/2024,4 4th Place,25,13,Active
34-110-1040,Bell Pepper,Fruits & Vegetables,14-427-6604,Leenti,75,85,27,$4.50 ,5/30/2024,6/9/2024,6/24/2024,42397 Knutson Place,26,68,Discontinued
43-670-8544,Orange,Fruits & Vegetables,16-656-4821,Camido,84,95,22,$2.85 ,6/20/2024,5/14/2024,10/7/2024,3 Logan Trail,48,82,Discontinued
12-439-8428,Eggplant,Fruits & Vegetables,43-542-6868,Ainyx,17,3,33,$3.00 ,3/21/2024,9/14/2024,5/31/2024,6 Rusk Pass,49,17,Backordered
49-919-8798,Evaporated Milk,Dairy,82-482-3670,Gigabox,64,31,91,$1.90 ,6/19/2024,8/4/2024,10/10/2024,3 Dottie Junction,85,42,Discontinued
73-567-6194,Whipped Cream,Dairy,81-927-7236,Yakitri,76,81,85,$4.00 ,3/4/2024,12/10/2024,9/8/2024,069 Basil Center,65,68,Active
12-798-9401,Cream,Dairy,96-609-6152,Thoughtblab,18,14,77,$2.50 ,1/5/2025,5/12/2024,5/25/2024,5 Forster Point,78,4,Backordered
83-625-3618,Asparagus,Fruits & Vegetables,64-528-9996,Realmix,68,12,73,$5.00 ,8/5/2024,1/11/2025,7/4/2024,2696 Katie Road,84,95,Backordered
90-303-1821,Onion,Fruits & Vegetables,96-786-0667,Edgewire,50,20,74,$2.00 ,2/13/2025,8/3/2024,10/5/2024,6435 Burning Wood Drive,30,57,Backordered
71-631-5875,Salmon,Seafood,91-859-1733,Feedfish,88,83,42,$15.00 ,5/29/2024,9/9/2024,10/25/2024,13 Loomis Alley,61,59,Discontinued
02-275-6061,Potato,Fruits & Vegetables,21-829-0398,Edgewire,26,16,69,$1.20 ,6/30/2024,3/26/2024,8/19/2024,6891 Mandrake Park,64,79,Discontinued
37-666-3902,Cauliflower,Fruits & Vegetables,58-536-6583,Meevee,19,73,60,$2.45 ,3/12/2024,8/11/2024,6/12/2024,85276 Lakewood Gardens Alley,70,48,Backordered
73-942-0508,Kale,Fruits & Vegetables,37-057-3553,Brightbean,61,100,94,$4.00 ,7/20/2024,1/14/2025,10/4/2024,1034 2nd Point,76,2,Backordered
57-359-3397,Garlic,Fruits & Vegetables,54-659-1177,Twiyo,43,40,30,$7.00 ,7/13/2024,10/2/2024,12/19/2024,81071 West Alley,95,26,Active
80-371-3695,Cottage Cheese,Dairy,42-254-7371,Divape,89,42,76,$5.00 ,12/15/2024,11/30/2024,12/10/2024,163 Esch Pass,94,81,Backordered
65-644-1394,Pear,Fruits & Vegetables,23-280-1300,Lazz,26,95,36,$4.50 ,7/29/2024,1/6/2025,2/10/2025,582 Dahle Center,92,14,Active
04-293-6969,Peach,Fruits & Vegetables,69-087-6645,Linktype,37,38,24,$4.00 ,6/15/2024,9/2/2024,8/20/2024,0 Oak Valley Lane,93,32,Active
40-997-2786,Yogurt,Dairy,18-743-4684,Browsecat,76,98,41,$1.75 ,11/14/2024,5/23/2024,10/14/2024,5551 Mallory Lane,62,48,Backordered
91-553-1774,Feta Cheese,Dairy,74-943-4552,Demivee,80,43,80,$7.00 ,6/26/2024,9/5/2024,4/12/2024,84 Washington Crossing,64,53,Active
13-980-8804,Sweet Potato,Fruits & Vegetables,20-608-1290,Photospace,100,3,32,$2.00 ,8/19/2024,10/1/2024,2/10/2025,41 Nelson Center,98,91,Backordered
19-672-8982,Butter,Dairy,50-214-3802,Meembee,21,87,67,$3.10 ,1/3/2025,1/23/2025,3/31/2024,285 East Plaza,64,69,Discontinued
17-022-9721,Apple,Fruits & Vegetables,59-629-0798,Chatterpoint,43,63,99,$3.50 ,11/8/2024,12/13/2024,1/12/2025,39 Dahle Alley,39,77,Discontinued
22-849-2551,Mushrooms,Fruits & Vegetables,14-231-9135,Izio,34,1,79,$6.20 ,6/12/2024,12/20/2024,9/8/2024,81533 John Wall Court,58,36,Discontinued
53-050-8242,Mackerel,Seafood,31-163-5871,Yodoo,82,25,94,$7.50 ,3/30/2024,3/16/2024,2/15/2025,9 Cordelia Trail,66,14,Backordered
98-445-7372,Cod,Seafood,71-676-6562,Roombo,65,79,52,$8.00 ,5/12/2024,10/3/2024,5/30/2024,8531 Manley Court,56,94,Discontinued
29-875-6900,Papaya,Fruits & Vegetables,78-098-4468,Avaveo,45,28,6,$4.50 ,3/18/2024,1/23/2025,8/22/2024,2 Sachtjen Park,35,16,Discontinued
27-757-4489,Egg (Goose),Dairy,04-456-0715,Abatz,35,78,68,$2.50 ,4/12/2024,1/19/2025,7/4/2024,27535 Morrow Avenue,95,91,Discontinued
20-325-1965,Coconut,Fruits & Vegetables,97-155-1262,Katz,56,75,13,$5.00 ,9/4/2024,4/4/2024,5/21/2024,78884 Union Street,42,53,Backordered
76-090-4411,Ricotta Cheese,Dairy,82-552-6786,Shufflester,49,94,18,$6.00 ,12/12/2024,8/10/2024,4/16/2024,15 Loomis Avenue,38,11,Active
09-622-7119,Haddock,Seafood,59-781-3399,Youtags,30,81,99,$9.00 ,7/22/2024,1/30/2025,6/15/2024,665 Sommers Circle,99,3,Backordered
45-172-7012,Papaya,Fruits & Vegetables,95-721-9228,Brightbean,20,91,12,$4.50 ,11/26/2024,12/13/2024,12/1/2024,11 Kedzie Avenue,35,50,Active
30-996-2526,Green Beans,Fruits & Vegetables,30-942-0054,Izio,86,90,39,$2.10 ,10/20/2024,2/28/2024,9/7/2024,77 Monterey Avenue,98,85,Active
98-909-9395,Cottage Cheese,Dairy,74-119-5491,Feedfire,67,98,92,$5.00 ,4/22/2024,8/31/2024,12/7/2024,43 Heath Street,35,98,Backordered
61-796-6540,Ricotta Cheese,Dairy,40-002-8400,Fliptune,88,4,79,$6.00 ,4/24/2024,6/2/2024,8/14/2024,126 Spohn Plaza,23,39,Discontinued
60-343-3288,Tilapia,Seafood,22-940-6543,Vipe,85,92,66,$6.70 ,3/28/2024,1/1/2025,5/3/2024,6 Hanover Terrace,54,85,Backordered
27-783-5470,Feta Cheese,Dairy,45-997-6429,Thoughtstorm,74,65,5,$7.00 ,1/30/2025,7/27/2024,3/16/2024,6 Tony Junction,21,42,Discontinued
60-456-8169,Cheddar Cheese,Dairy,54-529-4459,Oyoba,21,28,72,$9.00 ,1/28/2025,2/28/2024,2/25/2024,710 Service Park,69,51,Backordered
35-836-6718,Ricotta Cheese,Dairy,27-838-4345,Thoughtblab,91,14,99,$6.00 ,2/10/2025,1/25/2025,1/22/2025,05 Canary Circle,50,5,Backordered
38-924-3007,Peas,Fruits & Vegetables,83-936-5065,Photolist,12,28,11,$3.00 ,5/18/2024,1/5/2025,4/17/2024,6 Anthes Court,46,88,Backordered
52-123-8039,Pomegranate,Fruits & Vegetables,24-087-5935,Browsebug,43,65,66,$6.00 ,12/21/2024,9/3/2024,1/16/2025,7 Schiller Court,78,73,Backordered
34-131-8805,Yogurt,Dairy,84-472-8001,Eimbee,92,92,28,$1.75 ,1/21/2025,9/10/2024,12/22/2024,44249 Sutteridge Crossing,50,67,Discontinued
28-505-8317,Watermelon,Fruits & Vegetables,61-755-4469,Digitube,23,85,94,$3.00 ,10/12/2024,7/23/2024,1/28/2025,848 Old Gate Parkway,92,72,Backordered
41-594-5069,Egg (Duck),Dairy,45-471-5053,Blogtags,77,1,41,$1.00 ,11/5/2024,2/5/2025,3/21/2024,9 Clemons Hill,58,55,Discontinued
94-658-4945,Sweet Potato,Fruits & Vegetables,09-153-0763,Skibox,65,10,81,$2.00 ,8/27/2024,2/12/2025,5/8/2024,15 Veith Circle,71,61,Backordered
69-561-2496,Banana,Fruits & Vegetables,38-790-7081,Skinix,82,29,62,$15.31 ,8/8/2024,3/18/2024,12/9/2024,154 Delladonna Hill,77,27,Backordered
98-858-6323,Swiss Cheese,Dairy,79-086-1717,Janyx,20,17,71,$8.00 ,10/22/2024,1/7/2025,11/16/2024,80729 Homewood Plaza,50,65,Active
92-995-8689,Cheddar Cheese,Dairy,18-682-7828,Wordify,31,65,94,$9.00 ,12/3/2024,10/17/2024,3/6/2024,1 Merchant Circle,63,7,Backordered
43-164-5984,Butter,Dairy,10-008-6747,Shuffletag,36,75,35,$2.90 ,4/13/2024,6/17/2024,11/23/2024,70862 Lighthouse Bay Junction,26,41,Discontinued
60-550-4771,Haddock,Seafood,24-568-9517,Kwimbee,75,80,87,$9.00 ,7/6/2024,10/3/2024,8/24/2024,1 Monica Lane,49,40,Backordered
08-114-3922,Anchovies,Seafood,19-418-7213,Camido,60,64,36,$10.00 ,9/2/2024,2/25/2024,2/15/2025,709 Vidon Avenue,34,48,Discontinued
70-145-2550,Lemon,Fruits & Vegetables,75-849-4524,Yata,91,6,37,$2.40 ,5/1/2024,8/7/2024,8/6/2024,5141 Anniversary Crossing,38,70,Backordered
51-761-6320,Egg (Goose),Dairy,28-461-1136,Youopia,43,78,85,$2.50 ,3/9/2024,8/30/2024,6/22/2024,587 Vermont Terrace,48,98,Backordered
11-815-7923,Parmesan Cheese,Dairy,98-304-8407,Rhyloo,96,9,57,$11.80 ,1/26/2025,6/16/2024,8/6/2024,89 Springs Alley,78,67,Active
83-966-3280,Mackerel,Seafood,50-305-3936,Twitterworks,30,29,70,$7.50 ,6/22/2024,10/13/2024,9/20/2024,0743 4th Place,80,43,Backordered
83-553-9523,Buttermilk,Dairy,89-976-4338,Zoombox,28,90,70,$2.45 ,11/5/2024,2/14/2025,1/28/2025,84336 Haas Place,76,78,Active
40-793-7235,Sour Cream,Dairy,89-048-3542,Chatterbridge,92,67,51,$4.00 ,4/5/2024,12/9/2024,5/19/2024,68086 Crowley Circle,23,78,Discontinued
74-666-5671,Tuna,Seafood,58-657-7257,Youspan,37,33,80,$18.00 ,12/21/2024,5/10/2024,5/4/2024,11263 Kipling Hill,27,73,Backordered
46-255-3073,Tilapia,Seafood,68-230-9130,Vinder,30,42,8,$7.00 ,5/2/2024,1/6/2025,7/11/2024,57 Eastwood Junction,48,23,Active
99-543-5039,Lemon,Fruits & Vegetables,63-683-7396,Livetube,65,88,20,$2.50 ,1/28/2025,11/20/2024,7/29/2024,71796 Waubesa Terrace,89,37,Backordered
28-608-0039,Lemon,Fruits & Vegetables,26-796-0872,Avavee,63,60,54,$2.50 ,12/26/2024,5/21/2024,4/15/2024,31057 Roth Place,33,31,Backordered
35-529-2933,Broccoli,Fruits & Vegetables,57-591-6452,Jabbersphere,85,54,18,$4.00 ,7/28/2024,10/23/2024,7/13/2024,2 School Drive,85,44,Discontinued
83-321-7887,Egg (Duck),Dairy,70-444-9176,Yombu,44,75,72,$1.00 ,12/14/2024,11/29/2024,8/2/2024,35598 Fuller Terrace,96,38,Discontinued
43-910-2342,Plum,Fruits & Vegetables,06-569-4690,Feedspan,26,69,90,$4.00 ,12/12/2024,6/8/2024,7/19/2024,46758 Hallows Center,47,35,Active
76-401-7083,Pomegranate,Fruits & Vegetables,29-156-0691,Meeveo,59,79,87,$6.00 ,9/3/2024,10/3/2024,7/31/2024,31892 Pennsylvania Street,47,18,Active
76-264-0748,Eggplant,Fruits & Vegetables,27-557-2375,Roombo,47,41,63,$3.00 ,4/15/2024,6/1/2024,1/9/2025,55 Morning Terrace,39,54,Active
88-586-8797,Grapes,Fruits & Vegetables,02-530-5932,Edgewire,98,62,97,$5.50 ,3/30/2024,8/25/2024,2/9/2025,9469 Bayside Plaza,59,19,Active
21-993-5632,Watermelon,Fruits & Vegetables,26-860-4618,Innotype,51,72,85,$3.00 ,3/23/2024,4/14/2024,10/23/2024,16730 Luster Alley,23,17,Active
27-681-5588,Anchovies,Seafood,89-959-2254,Flipopia,100,99,8,$10.00 ,2/19/2025,10/26/2024,12/7/2024,498 Delladonna Drive,54,92,Discontinued
23-265-8144,Yogurt,Dairy,31-524-1628,Jaxnation,55,50,56,$1.70 ,6/1/2024,11/9/2024,10/25/2024,14042 Dottie Avenue,62,26,Backordered
26-134-9069,Whipped Cream,Dairy,80-068-0825,Devcast,14,87,8,$4.00 ,3/10/2024,11/11/2024,1/30/2025,4929 Westend Point,90,14,Active
76-623-7844,Egg (Quail),Dairy,84-498-3849,Vinte,29,33,88,$0.80 ,7/19/2024,8/23/2024,5/15/2024,868 Swallow Point,50,35,Discontinued
12-714-5135,Ricotta Cheese,Dairy,97-055-2756,Janyx,49,28,74,$6.00 ,1/9/2025,1/14/2025,4/25/2024,2003 Delladonna Pass,70,38,Discontinued
95-130-9020,Heavy Cream,Dairy,75-985-6744,Youbridge,82,12,94,$4.10 ,2/28/2024,6/20/2024,1/21/2025,2 Canary Street,69,93,Active
82-678-8097,Cottage Cheese,Dairy,65-403-0311,Feedmix,68,82,58,$4.80 ,4/8/2024,8/24/2024,4/5/2024,6172 Hovde Circle,90,2,Backordered
56-831-6199,Salmon,Seafood,99-680-2351,Innojam,49,48,62,$15.00 ,9/16/2024,2/25/2024,8/14/2024,1247 Hoard Hill,96,37,Active
81-268-5905,Mackerel,Seafood,36-138-9045,Kazio,89,26,36,$7.50 ,10/24/2024,7/30/2024,6/14/2024,85953 Clyde Gallagher Drive,48,94,Active
41-237-5498,Cheese,Dairy,38-643-1626,Omba,88,53,44,$9.00 ,1/4/2025,12/24/2024,2/6/2025,29817 Coleman Drive,56,14,Discontinued
71-436-5841,Cauliflower,Fruits & Vegetables,87-546-9674,Dynabox,87,91,94,$2.50 ,7/4/2024,9/25/2024,6/25/2024,52 Victoria Plaza,47,4,Discontinued
65-368-2479,Egg (Turkey),Dairy,99-570-8162,Browsedrive,23,21,59,$2.40 ,8/15/2024,3/10/2024,10/7/2024,231 Merry Pass,81,8,Active
06-996-3221,Evaporated Milk,Dairy,97-821-7402,Buzzshare,11,9,65,$2.00 ,10/13/2024,12/4/2024,6/10/2024,579 Schlimgen Alley,48,96,Discontinued
87-272-6544,Egg (Goose),Dairy,93-699-8001,Skalith,90,3,49,$2.50 ,5/6/2024,5/3/2024,2/13/2025,4 Nelson Alley,51,87,Discontinued
88-401-3700,Cauliflower,Fruits & Vegetables,39-299-6093,Jabberstorm,86,66,24,$2.50 ,7/29/2024,2/4/2025,1/20/2025,39014 Randy Court,30,6,Discontinued
11-766-8738,Watermelon,Fruits & Vegetables,96-393-1428,Jabbersphere,27,64,43,$3.00 ,11/14/2024,11/30/2024,3/22/2024,20 Nelson Way,70,58,Discontinued
73-751-4393,Onion,Fruits & Vegetables,14-486-5626,Skyndu,68,10,29,$2.00 ,10/31/2024,6/7/2024,3/23/2024,03 Roth Court,37,11,Discontinued
08-961-3009,Cheese,Dairy,41-825-5869,Eimbee,50,14,6,$9.20 ,6/2/2024,12/19/2024,9/8/2024,01 Gateway Plaza,60,72,Backordered
33-440-2588,Bell Pepper,Fruits & Vegetables,68-596-5506,Tagpad,26,12,43,$4.40 ,1/17/2025,9/16/2024,2/24/2025,4 6th Plaza,73,20,Backordered
71-300-2191,Broccoli,Fruits & Vegetables,98-677-4279,Yamia,79,72,6,$4.00 ,7/11/2024,5/6/2024,5/1/2024,7 Heffernan Drive,67,63,Active
74-430-8245,Peach,Fruits & Vegetables,51-213-5660,Ainyx,73,90,77,$4.00 ,2/26/2024,8/15/2024,3/6/2024,7 Roxbury Circle,75,19,Backordered
68-636-4774,Carrot,Fruits & Vegetables,40-436-0171,Gevee,18,50,77,$1.45 ,11/3/2024,8/30/2024,2/19/2025,7744 Oxford Pass,44,19,Active
38-655-2312,Kale,Fruits & Vegetables,91-127-7174,Dabshots,79,74,87,$4.00 ,8/7/2024,4/9/2024,10/18/2024,17 Reinke Circle,80,26,Backordered
37-606-0510,Milk,Dairy,09-489-6314,Jabbercube,18,64,86,$1.00 ,9/13/2024,6/9/2024,11/9/2024,53 Homewood Alley,73,38,Active
22-329-7791,Watermelon,Fruits & Vegetables,72-013-2438,Eidel,53,41,30,$3.00 ,3/16/2024,1/13/2025,9/19/2024,50687 Porter Park,24,77,Discontinued
56-894-3733,Yogurt,Dairy,57-133-8386,Skinte,85,83,13,$1.75 ,4/5/2024,3/17/2024,2/2/2025,897 Independence Circle,49,75,Backordered
71-954-4501,Anchovies,Seafood,26-135-6134,Quatz,66,49,41,$10.00 ,6/27/2024,10/8/2024,7/26/2024,290 Rusk Avenue,27,37,Discontinued
95-356-1566,Grapes,Fruits & Vegetables,57-204-2098,Rhynyx,13,61,77,$5.50 ,7/22/2024,2/21/2025,1/29/2025,622 Buena Vista Trail,42,18,Backordered
35-621-2546,Swiss Cheese,Dairy,14-190-2260,Skiptube,85,89,41,$8.00 ,4/22/2024,4/7/2024,2/15/2025,3 Fairfield Center,68,93,Discontinued
21-013-3508,Cabbage,Fruits & Vegetables,64-489-8494,Meevee,12,95,49,$1.00 ,6/9/2024,6/13/2024,11/10/2024,84305 Fair Oaks Plaza,25,23,Backordered
33-807-7247,Mozzarella Cheese,Dairy,94-453-3755,Blogspan,58,17,26,$7.00 ,6/23/2024,7/7/2024,1/3/2025,63464 Jana Court,62,89,Backordered
33-507-9886,Pineapple,Fruits & Vegetables,11-445-3951,Quinu,68,25,16,$3.50 ,4/4/2024,8/19/2024,6/27/2024,0584 Lindbergh Alley,25,83,Active
06-503-5891,Egg (Goose),Dairy,19-098-2529,Babblestorm,40,22,74,$2.45 ,3/22/2024,9/23/2024,3/16/2024,49646 Derek Lane,76,70,Backordered
50-942-2409,Peas,Fruits & Vegetables,69-472-4067,Meedoo,75,91,68,$3.00 ,10/31/2024,4/23/2024,12/10/2024,7182 Summit Court,96,73,Backordered
44-305-1866,Butter,Dairy,25-190-3172,Jayo,48,71,86,$3.00 ,4/29/2024,7/2/2024,8/29/2024,51205 Rieder Junction,95,3,Discontinued
49-730-0159,Cream,Dairy,62-766-8232,Riffpedia,82,3,82,$2.40 ,10/3/2024,12/10/2024,8/26/2024,09189 2nd Drive,48,31,Active
70-534-7796,Zucchini,Fruits & Vegetables,62-044-8874,Babblestorm,43,21,31,$2.50 ,2/19/2025,6/25/2024,1/17/2025,76106 Anthes Junction,22,25,Backordered
20-405-4865,Milk,Dairy,16-019-7101,Centimia,13,39,98,$0.90 ,6/2/2024,11/5/2024,9/18/2024,36483 Burning Wood Pass,46,46,Backordered
79-428-8753,Cabbage,Fruits & Vegetables,29-521-7910,Skivee,62,79,95,$1.00 ,5/16/2024,7/6/2024,12/30/2024,9 Holmberg Circle,34,12,Active
46-632-8420,Whipped Cream,Dairy,27-996-8883,Skippad,98,24,4,$4.10 ,3/8/2024,12/21/2024,5/23/2024,9 Meadow Ridge Center,89,80,Active
94-528-8088,Haddock,Seafood,68-885-5553,Zoovu,43,7,63,$9.00 ,9/26/2024,7/24/2024,3/8/2024,21379 Stoughton Junction,66,71,Active
53-151-5726,Grapes,Fruits & Vegetables,93-180-4005,Flipopia,37,45,62,$5.50 ,12/8/2024,1/12/2025,4/20/2024,84239 Meadow Vale Trail,34,23,Backordered
02-085-7218,Cheddar Cheese,Dairy,41-978-3326,Oyonder,85,28,32,$8.90 ,1/17/2025,6/25/2024,1/28/2025,2835 Schlimgen Parkway,57,41,Backordered
36-127-4273,Ricotta Cheese,Dairy,05-719-6858,Skimia,50,46,38,$6.20 ,10/1/2024,7/3/2024,7/31/2024,10342 Division Place,88,70,Active
03-061-1344,Trout,Seafood,85-211-5357,Izio,98,65,76,$12.00 ,9/27/2024,7/19/2024,6/27/2024,96420 Briar Crest Lane,62,47,Active
97-300-7511,Egg (Duck),Dairy,47-687-2255,Katz,37,53,61,$1.00 ,4/3/2024,7/17/2024,3/21/2024,45190 Fordem Court,90,89,Backordered
38-664-2155,Cauliflower,Fruits & Vegetables,10-540-5841,Realpoint,48,27,73,$2.55 ,1/13/2025,4/12/2024,5/30/2024,843 Pepper Wood Hill,52,97,Discontinued
93-015-0811,Pineapple,Fruits & Vegetables,07-055-5188,Gigashots,18,7,58,$3.50 ,11/26/2024,8/5/2024,6/26/2024,1 Pleasure Hill,88,96,Discontinued
02-888-9412,Cauliflower,Fruits & Vegetables,22-307-4653,Photobug,95,66,69,$2.48 ,6/8/2024,3/28/2024,2/4/2025,880 Calypso Road,92,72,Backordered
10-218-2680,Egg (Turkey),Dairy,72-024-1595,Quinu,39,93,57,$2.50 ,6/4/2024,5/28/2024,1/3/2025,6810 Aberg Junction,26,44,Backordered
30-964-2694,Peas,Fruits & Vegetables,42-976-2737,Edgeclub,48,72,55,$3.00 ,9/18/2024,5/12/2024,6/30/2024,39 Dovetail Terrace,51,41,Active
15-144-9413,Strawberries,Fruits & Vegetables,08-912-0895,Meevee,58,15,87,$5.90 ,7/10/2024,6/30/2024,7/29/2024,3 Buhler Place,52,81,Backordered
17-253-5688,Greek Yogurt,Dairy,42-638-2086,Shufflester,39,55,39,$3.00 ,8/15/2024,7/7/2024,6/20/2024,7 Hooker Way,47,59,Backordered
31-608-1445,Papaya,Fruits & Vegetables,75-286-4153,Ntag,84,28,29,$4.40 ,2/9/2025,2/15/2025,12/14/2024,227 Tennyson Plaza,54,32,Discontinued
51-934-9117,Sardines,Seafood,34-389-9922,Linklinks,30,55,4,$6.00 ,8/25/2024,7/28/2024,1/31/2025,05944 Scott Parkway,56,31,Active
47-843-8207,Cauliflower,Fruits & Vegetables,55-838-9088,Cogilith,34,92,26,$2.50 ,9/1/2024,4/10/2024,12/27/2024,01 Northfield Road,28,71,Active
45-194-4094,Plum,Fruits & Vegetables,65-611-4749,Devcast,64,71,69,$3.90 ,10/10/2024,6/14/2024,10/10/2024,2 Scofield Street,60,67,Active
09-712-3630,Grapes,Fruits & Vegetables,17-807-6972,Aibox,87,62,2,$5.50 ,7/9/2024,3/25/2024,9/30/2024,10 Golf Course Hill,22,38,Backordered
56-213-0577,Papaya,Fruits & Vegetables,72-306-8602,Kwinu,24,25,52,$4.50 ,5/25/2024,5/23/2024,9/17/2024,851 Hollow Ridge Center,24,77,Backordered
75-672-4378,Pomegranate,Fruits & Vegetables,20-103-9525,Eare,62,40,86,$6.00 ,7/15/2024,11/16/2024,6/5/2024,4 Esch Point,45,86,Backordered
66-806-6051,Yogurt,Dairy,19-875-5642,Devpulse,63,12,82,$1.70 ,9/23/2024,7/1/2024,5/23/2024,8 Kensington Place,56,31,Backordered
65-527-9488,Grapes,Fruits & Vegetables,23-482-0516,Layo,38,72,39,$5.50 ,7/10/2024,6/24/2024,10/10/2024,23704 Algoma Park,59,8,Active
36-840-2728,Mackerel,Seafood,26-454-7297,Dabfeed,76,21,3,$7.50 ,1/21/2025,8/10/2024,3/14/2024,08545 Lillian Street,31,47,Discontinued
07-389-5740,Egg (Quail),Dairy,72-784-3292,Skimia,34,94,69,$0.80 ,1/3/2025,3/12/2024,7/17/2024,59 Veith Center,96,30,Backordered
13-144-2169,Eggplant,Fruits & Vegetables,11-742-5033,Blogpad,25,62,11,$3.00 ,10/1/2024,12/1/2024,9/7/2024,52 Namekagon Junction,57,98,Backordered
13-798-3397,Egg (Turkey),Dairy,89-992-6472,Twimm,86,16,37,$2.50 ,3/27/2024,5/9/2024,12/20/2024,93321 Kennedy Point,34,66,Active
67-248-6306,Cauliflower,Fruits & Vegetables,86-173-6891,Avamm,77,54,10,$2.50 ,7/27/2024,10/2/2024,12/22/2024,05 Bartelt Street,64,73,Active
47-866-6589,Egg (Duck),Dairy,78-203-1075,Dynazzy,41,61,69,$1.00 ,7/26/2024,2/3/2025,7/27/2024,30880 Barnett Junction,30,100,Discontinued
91-127-7489,Orange,Fruits & Vegetables,86-079-1525,Oyondu,44,8,52,$2.95 ,5/11/2024,12/10/2024,8/4/2024,43211 Anzinger Drive,42,66,Active
80-375-9075,Swiss Cheese,Dairy,86-487-3354,Centidel,96,34,57,$8.00 ,11/23/2024,10/20/2024,6/19/2024,3831 Goodland Road,71,17,Discontinued
80-227-6886,Garlic,Fruits & Vegetables,91-632-7343,Layo,33,4,31,$7.00 ,3/13/2024,1/12/2025,6/14/2024,4374 Corry Terrace,46,92,Active
15-562-3712,Cauliflower,Fruits & Vegetables,53-243-7800,Yakitri,33,89,15,$2.50 ,8/27/2024,6/20/2024,10/28/2024,1 Hudson Hill,90,52,Discontinued
10-137-9759,Watermelon,Fruits & Vegetables,23-688-6256,Trupe,90,17,17,$3.00 ,3/31/2024,9/3/2024,3/10/2024,402 Kings Road,82,84,Backordered
83-117-7658,Asparagus,Fruits & Vegetables,61-424-7670,Yabox,92,3,81,$5.00 ,4/5/2024,2/25/2024,12/19/2024,0282 Emmet Hill,62,20,Backordered
74-642-2435,Cauliflower,Fruits & Vegetables,52-012-3409,Skinix,66,31,18,$2.50 ,4/6/2024,12/28/2024,4/8/2024,6292 Chive Street,85,39,Backordered
10-445-0741,Anchovies,Seafood,82-470-7146,Mybuzz,83,17,39,$10.00 ,6/3/2024,7/11/2024,3/31/2024,31 Loomis Park,33,20,Active
80-658-6456,Mango,Fruits & Vegetables,42-080-6579,Wordtune,84,9,46,$5.00 ,6/8/2024,5/19/2024,12/10/2024,44051 Old Shore Junction,30,68,Backordered
81-354-4203,Haddock,Seafood,15-466-5131,Yabox,76,57,78,$9.00 ,6/18/2024,6/27/2024,4/28/2024,12 Luster Terrace,52,86,Discontinued
08-573-9997,Pomegranate,Fruits & Vegetables,95-734-4024,Meevee,26,1,9,$6.00 ,2/10/2025,4/5/2024,12/2/2024,03 Little Fleur Pass,82,8,Backordered
76-070-1411,Evaporated Milk,Dairy,63-528-0643,Realcube,15,75,78,$1.90 ,2/1/2025,2/12/2025,2/14/2025,87578 Stoughton Parkway,71,21,Discontinued
61-582-7399,Apricot,Fruits & Vegetables,15-062-6342,Topiczoom,73,83,74,$5.00 ,3/29/2024,2/5/2025,7/22/2024,8 Hanover Center,87,10,Discontinued
74-548-9313,Mango,Fruits & Vegetables,69-832-7009,Meevee,99,59,12,$5.00 ,6/24/2024,9/20/2024,2/12/2025,1 Judy Street,52,57,Backordered
20-448-2972,Asparagus,Fruits & Vegetables,26-920-6626,Buzzbean,80,6,92,$5.00 ,1/14/2025,1/20/2025,9/16/2024,49770 Hoffman Court,26,71,Discontinued
63-162-9244,Eggplant,Fruits & Vegetables,58-945-2944,Vimbo,49,89,65,$3.00 ,5/24/2024,8/11/2024,5/17/2024,04 Rockefeller Terrace,37,48,Active
91-417-0366,Grapes,Fruits & Vegetables,28-442-2578,Riffwire,25,74,100,$5.50 ,6/7/2024,12/7/2024,12/4/2024,1 Elmside Parkway,41,59,Discontinued
36-899-5324,Orange,Fruits & Vegetables,02-656-3112,Flashdog,94,58,17,$2.90 ,8/1/2024,7/5/2024,12/19/2024,3 Bashford Court,57,74,Backordered
22-266-9291,Sardines,Seafood,15-550-0171,Vinder,11,17,59,$6.00 ,7/20/2024,3/27/2024,4/8/2024,111 David Hill,69,100,Backordered
82-948-2298,Kiwi,Fruits & Vegetables,53-749-6148,Topdrive,38,91,94,$5.70 ,7/12/2024,2/17/2025,11/21/2024,555 Butternut Hill,53,87,Discontinued
17-395-1121,Plum,Fruits & Vegetables,67-252-3923,Lajo,85,16,74,$3.85 ,11/18/2024,10/8/2024,12/3/2024,8 Oriole Terrace,58,36,Backordered
74-132-5528,Cauliflower,Fruits & Vegetables,41-713-1053,Vinder,63,62,98,$2.50 ,5/30/2024,3/21/2024,1/22/2025,611 Fieldstone Drive,62,45,Backordered
11-053-0107,Cherry,Fruits & Vegetables,07-410-2867,Rooxo,30,25,11,$8.00 ,12/25/2024,7/12/2024,6/28/2024,734 Thackeray Avenue,42,76,Active
99-194-5600,Cauliflower,Fruits & Vegetables,70-064-6828,Tanoodle,57,25,98,$2.50 ,6/14/2024,2/25/2024,5/14/2024,973 Spaight Place,78,37,Active
73-010-8323,Tuna,Seafood,80-622-6587,Tagcat,16,34,89,$18.00 ,12/26/2024,2/27/2024,4/29/2024,811 Dapin Center,35,52,Backordered
06-068-6793,Buttermilk,Dairy,94-958-6101,Twitterbeat,39,80,68,$2.50 ,7/20/2024,8/6/2024,8/15/2024,25 Nancy Place,46,54,Discontinued
56-054-8664,Lemon,Fruits & Vegetables,53-247-1844,Centimia,59,82,69,$2.45 ,5/4/2024,3/25/2024,3/3/2024,01 Straubel Hill,30,34,Discontinued
36-330-5036,Salmon,Seafood,52-359-1255,Mycat,79,28,4,$15.00 ,2/1/2025,9/20/2024,5/17/2024,21 Golden Leaf Hill,42,46,Active
65-674-6076,Egg (Quail),Dairy,16-933-3355,Ntags,78,61,6,$0.80 ,5/27/2024,10/6/2024,12/18/2024,9738 Old Shore Trail,49,60,Active
95-449-1286,Egg (Chicken),Dairy,18-260-7354,Realfire,10,17,70,$0.20 ,12/29/2024,12/23/2024,9/8/2024,1 Jackson Pass,100,63,Backordered
08-495-6853,Heavy Cream,Dairy,07-432-0137,Yadel,74,62,6,$4.00 ,12/27/2024,1/13/2025,8/14/2024,7943 Amoth Parkway,65,96,Active
01-050-2246,Grapes,Fruits & Vegetables,80-462-5807,Gabspot,99,68,1,$5.50 ,7/13/2024,2/25/2024,9/8/2024,38 Esch Pass,59,16,Discontinued
07-858-5487,Swiss Cheese,Dairy,92-991-6167,Meeveo,64,14,44,$8.00 ,6/23/2024,5/16/2024,12/29/2024,6 Susan Alley,53,33,Active
20-283-0111,Pear,Fruits & Vegetables,60-394-8955,Cogidoo,58,55,5,$4.45 ,12/31/2024,4/17/2024,1/6/2025,0 Ruskin Way,62,89,Active
12-828-1063,Mozzarella Cheese,Dairy,48-707-5857,Buzzdog,36,82,85,$7.10 ,4/28/2024,3/29/2024,8/5/2024,018 Oxford Crossing,27,67,Discontinued
72-989-2512,Mushrooms,Fruits & Vegetables,03-117-6217,Yakijo,24,21,4,$6.00 ,4/5/2024,6/27/2024,10/28/2024,61 Waubesa Court,85,17,Backordered
53-667-4109,Onion,Fruits & Vegetables,40-800-4739,Voolith,16,75,42,$2.00 ,7/23/2024,3/21/2024,5/24/2024,992 East Point,22,46,Active
93-772-3085,Banana,Fruits & Vegetables,61-807-0746,Edgetag,39,19,18,$13.99 ,3/30/2024,7/18/2024,1/20/2025,07359 Porter Park,58,90,Active
92-652-3737,Zucchini,Fruits & Vegetables,42-361-6981,Quimm,89,56,74,$2.50 ,11/10/2024,7/30/2024,10/1/2024,66330 Northridge Street,27,51,Backordered
74-404-0582,Cherry,Fruits & Vegetables,31-628-6696,Jabbersphere,57,82,59,$8.00 ,9/10/2024,11/20/2024,6/11/2024,07 Maple Wood Drive,44,57,Active
58-229-1358,Cream,Dairy,66-883-2383,Bubblebox,21,24,2,$2.35 ,4/5/2024,9/11/2024,9/28/2024,1 Lillian Plaza,87,36,Backordered
80-025-6757,Grapes,Fruits & Vegetables,49-608-3851,Thoughtmix,59,29,100,$5.50 ,4/4/2024,11/29/2024,1/1/2025,183 Algoma Trail,74,16,Discontinued
48-770-6319,Egg (Duck),Dairy,64-452-2395,Fivebridge,52,31,18,$1.00 ,4/28/2024,11/21/2024,2/2/2025,34 Fremont Point,77,16,Backordered
74-818-3306,Spinach,Fruits & Vegetables,75-536-2986,Eabox,45,70,98,$2.45 ,8/10/2024,7/27/2024,5/9/2024,62 Thackeray Center,25,39,Backordered
15-082-9124,Apricot,Fruits & Vegetables,02-997-1489,LiveZ,89,35,19,$5.00 ,1/31/2025,10/8/2024,5/7/2024,38 Dawn Street,49,55,Discontinued
66-854-5736,Kiwi,Fruits & Vegetables,98-591-1051,Vitz,63,57,11,$5.80 ,1/11/2025,12/23/2024,5/10/2024,50880 Nobel Road,20,100,Discontinued
70-206-4860,Egg (Quail),Dairy,82-527-9395,Meejo,93,68,71,$0.80 ,2/9/2025,3/11/2024,9/17/2024,75 High Crossing Junction,30,37,Discontinued
25-353-2067,Papaya,Fruits & Vegetables,01-210-3485,Brightbean,81,16,69,$4.30 ,1/6/2025,8/4/2024,7/25/2024,59449 Sherman Parkway,23,96,Backordered
93-218-8108,Heavy Cream,Dairy,05-966-6460,Talane,74,60,27,$4.00 ,6/17/2024,5/22/2024,11/17/2024,9848 Little Fleur Point,99,68,Backordered
08-226-5155,Bell Pepper,Fruits & Vegetables,64-584-7898,Zava,49,93,15,$4.50 ,4/27/2024,5/1/2024,4/27/2024,81503 Graedel Plaza,52,31,Backordered
47-581-0363,Parmesan Cheese,Dairy,08-359-2568,Tagpad,99,10,88,$12.00 ,7/14/2024,12/5/2024,1/20/2025,8 Dawn Court,69,98,Active
04-104-6993,Buttermilk,Dairy,06-776-1072,Trilia,60,1,42,$2.45 ,11/16/2024,8/27/2024,10/15/2024,55095 Northview Drive,42,91,Active
45-380-4627,Cabbage,Fruits & Vegetables,20-201-5639,Zoombox,90,1,40,$0.90 ,10/20/2024,1/11/2025,2/16/2025,0 Thackeray Point,52,19,Discontinued
41-240-8856,Haddock,Seafood,28-162-7486,Snaptags,79,53,12,$9.00 ,8/18/2024,5/29/2024,1/10/2025,8 Autumn Leaf Drive,45,95,Discontinued
81-573-0943,Egg (Chicken),Dairy,07-754-2313,Topiclounge,22,58,2,$0.20 ,2/7/2025,6/28/2024,11/14/2024,20 Marcy Circle,33,68,Active
41-526-4036,Whipped Cream,Dairy,45-923-7206,Flashset,55,25,87,$4.00 ,5/13/2024,3/2/2024,1/29/2025,38726 Gina Pass,69,48,Backordered
98-499-2220,Parmesan Cheese,Dairy,69-666-2257,Skidoo,37,3,45,$12.00 ,10/25/2024,4/22/2024,11/21/2024,27 School Court,39,28,Discontinued
50-930-4751,Salmon,Seafood,40-260-8547,Abata,88,40,29,$15.00 ,2/24/2025,6/24/2024,2/25/2024,80380 Valley Edge Road,96,87,Discontinued
88-304-2855,Pineapple,Fruits & Vegetables,59-570-2020,Brainverse,20,51,33,$3.50 ,4/3/2024,1/24/2025,2/12/2025,0 Delladonna Place,80,41,Active
40-902-1995,Asparagus,Fruits & Vegetables,86-879-7811,Zoomzone,46,88,20,$4.80 ,10/8/2024,12/8/2024,4/1/2024,1519 Delaware Court,59,79,Backordered
03-441-4252,Yogurt,Dairy,11-430-6041,Wordpedia,12,83,93,$1.75 ,10/27/2024,6/28/2024,7/24/2024,6 Bobwhite Alley,22,9,Backordered
97-093-4278,Buttermilk,Dairy,38-200-4863,Twitterlist,69,98,89,$2.55 ,10/29/2024,4/9/2024,6/1/2024,467 Dexter Pass,29,34,Discontinued
01-820-5784,Egg (Duck),Dairy,80-567-5598,Skipfire,63,38,77,$1.00 ,12/23/2024,2/12/2025,4/26/2024,6982 Crownhardt Circle,23,18,Active
31-803-5001,Asparagus,Fruits & Vegetables,14-414-1945,Voonder,78,16,37,$4.70 ,10/12/2024,12/4/2024,6/1/2024,64 1st Plaza,25,96,Backordered
86-672-4191,Egg (Goose),Dairy,79-219-8469,Einti,88,22,61,$2.50 ,1/4/2025,9/29/2024,2/8/2025,18 Troy Avenue,54,100,Discontinued
50-329-3145,Milk,Dairy,88-418-3855,Jatri,12,54,48,$1.00 ,11/6/2024,12/20/2024,4/21/2024,591 Maple Wood Drive,31,88,Backordered
02-559-8196,Mango,Fruits & Vegetables,44-495-6660,Jaxnation,61,14,49,$5.20 ,6/10/2024,12/12/2024,7/25/2024,545 Linden Alley,74,35,Discontinued
27-474-0056,Spinach,Fruits & Vegetables,56-969-3705,Feedfish,23,6,40,$2.50 ,3/20/2024,12/19/2024,6/19/2024,538 Bayside Parkway,95,24,Backordered
66-378-7532,Blueberries,Fruits & Vegetables,15-365-5585,Flipbug,87,51,67,$10.00 ,1/7/2025,6/5/2024,5/6/2024,88678 Bayside Park,55,100,Backordered
19-854-3663,Watermelon,Fruits & Vegetables,72-509-7548,Dabjam,13,88,11,$3.00 ,11/19/2024,5/5/2024,12/14/2024,4 Dakota Avenue,100,52,Backordered
42-175-1648,Pomegranate,Fruits & Vegetables,67-272-8844,Browsetype,81,87,15,$6.00 ,1/8/2025,1/25/2025,9/9/2024,72778 Loftsgordon Center,94,10,Backordered
05-720-8792,Carrot,Fruits & Vegetables,33-265-4588,Linkbridge,80,91,36,$1.50 ,3/24/2024,7/8/2024,10/26/2024,2 Northview Avenue,81,74,Active
53-930-2215,Egg (Goose),Dairy,42-210-6541,Gabvine,60,43,32,$2.50 ,7/5/2024,10/4/2024,7/9/2024,292 Utah Street,77,60,Active
02-034-6209,Sour Cream,Dairy,34-724-1913,Yodel,22,43,3,$4.10 ,2/1/2025,7/26/2024,10/8/2024,96 Brown Drive,45,87,Backordered
19-021-5024,Broccoli,Fruits & Vegetables,75-369-5047,Rhyzio,47,63,86,$4.00 ,5/19/2024,2/13/2025,5/7/2024,4 Heffernan Lane,76,29,Active
70-542-4269,Gouda Cheese,Dairy,27-772-7906,Gigazoom,41,22,11,$7.00 ,6/19/2024,4/23/2024,4/17/2024,7 Victoria Hill,86,30,Active
52-797-6961,Tilapia,Seafood,75-793-8978,Plajo,46,80,88,$7.00 ,9/19/2024,6/7/2024,6/17/2024,13799 Quincy Park,62,22,Discontinued
67-130-4114,Bell Pepper,Fruits & Vegetables,53-718-1768,Devcast,84,26,37,$4.50 ,4/15/2024,2/27/2024,1/24/2025,9327 Hanover Way,46,67,Backordered
32-270-1385,Greek Yogurt,Fruits & Vegetables,81-072-8266,Quaxo,28,38,23,$42.58 ,10/28/2024,12/15/2024,8/8/2024,0500 Calypso Pass,48,56,Backordered
00-842-9790,Egg (Goose),Dairy,37-079-2530,Oba,65,94,4,$2.50 ,7/31/2024,1/30/2025,12/28/2024,53894 Myrtle Place,66,36,Backordered
49-377-9731,Lime,Fruits & Vegetables,56-823-5908,Livefish,18,8,68,$2.00 ,6/2/2024,10/3/2024,4/19/2024,3 Meadow Valley Court,54,45,Backordered
96-682-8546,Egg (Chicken),Dairy,03-882-3517,Kaymbo,70,29,24,$0.20 ,3/31/2024,10/26/2024,9/17/2024,97 Walton Avenue,62,55,Backordered
43-193-9915,Mozzarella Cheese,Dairy,23-931-2988,Roodel,55,58,6,$7.20 ,1/17/2025,7/12/2024,9/23/2024,61 Transport Parkway,48,17,Discontinued
45-852-2446,Salmon,Seafood,37-567-5710,Fanoodle,73,12,28,$15.00 ,9/15/2024,6/8/2024,11/29/2024,56 Petterle Circle,89,92,Active
07-679-1199,Onion,Fruits & Vegetables,75-406-6250,Wikizz,20,65,61,$2.00 ,7/4/2024,7/10/2024,10/15/2024,1991 Kropf Way,51,78,Active
96-209-1739,Evaporated Milk,Dairy,82-930-7733,Miboo,70,81,75,$2.00 ,9/8/2024,2/27/2024,2/29/2024,779 Ridgeway Street,24,54,Backordered
36-679-4670,Bell Pepper,Fruits & Vegetables,60-508-7567,Fatz,90,22,20,$4.50 ,6/30/2024,2/22/2025,1/13/2025,5 Warner Court,81,88,Backordered
08-637-9335,Lettuce,Fruits & Vegetables,99-178-0951,Meemm,100,7,14,$2.00 ,12/16/2024,3/6/2024,7/25/2024,9 Cardinal Alley,26,33,Backordered
25-911-7736,Orange,Fruits & Vegetables,40-180-0752,Oba,75,48,25,$3.00 ,12/11/2024,8/17/2024,8/29/2024,72090 Northfield Place,96,65,Backordered
45-634-0679,Haddock,Seafood,29-542-9338,Rhybox,98,100,34,$9.00 ,10/13/2024,2/28/2024,8/27/2024,9 Anhalt Trail,53,20,Active
93-014-4256,Green Beans,Fruits & Vegetables,37-599-8579,BlogXS,19,92,41,$2.00 ,1/5/2025,1/11/2025,10/13/2024,6 Bay Road,51,79,Active
24-989-3302,Coconut,Fruits & Vegetables,89-159-0852,Eazzy,85,90,16,$5.00 ,5/25/2024,6/3/2024,7/30/2024,736 Redwing Parkway,61,80,Backordered
46-415-8633,Apple,Fruits & Vegetables,32-497-0478,Omba,71,36,45,$3.50 ,1/29/2025,11/17/2024,1/2/2025,5 Eggendart Parkway,87,2,Backordered
66-312-5511,Anchovies,Seafood,99-553-6838,Skipfire,44,97,76,$10.00 ,5/27/2024,4/10/2024,12/15/2024,959 Dorton Pass,80,33,Discontinued
31-255-9616,Tuna,Seafood,11-031-9939,Centimia,88,71,9,$18.00 ,3/14/2024,12/28/2024,3/16/2024,9440 Coleman Drive,28,14,Backordered
64-119-7804,Bell Pepper,Fruits & Vegetables,53-497-9614,Jaxbean,98,43,9,$4.50 ,6/25/2024,3/6/2024,12/29/2024,06584 Mendota Avenue,86,62,Backordered
74-181-4135,Egg (Chicken),Dairy,00-487-2428,Meembee,22,19,4,$0.20 ,4/18/2024,3/17/2024,9/17/2024,79878 Katie Trail,88,24,Discontinued
34-369-7712,Apricot,Fruits & Vegetables,95-241-9348,Fivebridge,55,96,40,$5.00 ,5/16/2024,5/11/2024,6/6/2024,0 Lerdahl Parkway,23,47,Discontinued
31-157-1822,Ricotta Cheese,Dairy,53-998-1422,Kwideo,96,80,20,$6.10 ,12/19/2024,7/30/2024,1/28/2025,803 Cottonwood Crossing,94,49,Discontinued
27-459-0724,Feta Cheese,Dairy,45-331-8563,Quaxo,91,7,64,$7.00 ,11/9/2024,8/12/2024,2/24/2025,4 Duke Way,32,65,Discontinued
32-676-1026,Salmon,Seafood,98-155-9583,Buzzshare,52,46,12,$15.00 ,12/18/2024,6/4/2024,4/16/2024,9433 Jenna Lane,43,34,Backordered
77-959-1018,Lettuce,Fruits & Vegetables,00-912-3545,Gigabox,22,22,65,$2.00 ,1/15/2025,4/30/2024,6/12/2024,03 Ryan Circle,62,78,Backordered
44-637-5512,Watermelon,Fruits & Vegetables,27-541-2645,Jaxspan,58,12,99,$3.00 ,1/22/2025,1/12/2025,5/26/2024,00064 Mosinee Circle,71,30,Active
60-747-8704,Papaya,Fruits & Vegetables,93-793-4398,Twitterwire,97,97,71,$4.50 ,7/12/2024,9/29/2024,8/22/2024,561 Pennsylvania Way,53,31,Active
85-835-3445,Egg (Goose),Dairy,13-433-4930,Gigashots,50,93,37,$2.45 ,1/11/2025,3/2/2024,5/12/2024,288 Fair Oaks Place,78,79,Backordered
66-716-8221,Cheddar Cheese,Dairy,67-024-9832,LiveZ,70,96,35,$9.00 ,2/8/2025,6/24/2024,1/17/2025,54 Weeping Birch Lane,63,84,Backordered
01-026-2772,Blueberries,Fruits & Vegetables,20-532-0144,Buzzbean,40,61,47,$10.00 ,8/28/2024,6/11/2024,5/27/2024,3 Bunting Point,76,10,Discontinued
80-039-1261,Strawberries,Fruits & Vegetables,37-994-7932,Skimia,26,97,12,$6.00 ,9/25/2024,11/28/2024,6/12/2024,1 Havey Park,94,58,Discontinued
02-575-1980,Plum,Fruits & Vegetables,61-100-8296,Yambee,11,58,32,$4.00 ,2/28/2024,7/9/2024,11/24/2024,34832 Autumn Leaf Terrace,99,94,Active
61-293-6327,Salmon,Seafood,00-023-7719,Kamba,98,67,49,$15.00 ,8/9/2024,12/29/2024,4/4/2024,4353 Dixon Circle,21,61,Active
08-519-5579,Broccoli,Fruits & Vegetables,32-178-2765,Abatz,35,4,76,$4.00 ,8/9/2024,8/22/2024,8/16/2024,89 Karstens Alley,90,30,Discontinued
33-670-6797,Mackerel,Seafood,74-032-7560,Wikido,45,56,64,$7.50 ,7/14/2024,8/26/2024,7/5/2024,2869 Hudson Drive,35,82,Discontinued
29-741-8132,Kale,Fruits & Vegetables,49-384-4540,Blogpad,47,22,69,$4.00 ,3/2/2024,7/14/2024,6/3/2024,85 Farwell Parkway,26,59,Backordered
68-977-6854,Apricot,Fruits & Vegetables,73-830-9633,Blognation,90,30,42,$5.00 ,8/19/2024,7/29/2024,3/2/2024,2633 Shasta Alley,76,69,Backordered
11-338-4598,Potato,Fruits & Vegetables,72-360-6358,Centimia,72,58,69,$1.20 ,10/16/2024,2/3/2025,2/23/2025,9067 Valley Edge Park,96,23,Backordered
82-711-0772,Egg (Goose),Dairy,78-877-1866,Skyble,72,58,52,$2.40 ,2/15/2025,5/16/2024,10/23/2024,463 Oxford Crossing,36,14,Active
94-071-2261,Pear,Fruits & Vegetables,25-706-2146,Roodel,79,37,98,$4.50 ,9/1/2024,3/2/2024,3/30/2024,2004 Cody Plaza,33,20,Discontinued
94-355-3070,Tilapia,Seafood,73-393-9432,Jabbercube,14,52,80,$6.80 ,7/26/2024,7/13/2024,7/23/2024,116 Spaight Park,64,17,Discontinued
17-265-1899,Orange,Fruits & Vegetables,61-793-0279,Demimbu,81,35,82,$3.00 ,12/30/2024,3/25/2024,2/10/2025,4826 Drewry Center,86,71,Backordered
13-888-0149,Lime,Fruits & Vegetables,09-902-6272,Shufflebeat,75,18,65,$2.00 ,2/17/2025,12/30/2024,3/15/2024,1 Logan Road,32,92,Active
21-890-2826,Gouda Cheese,Dairy,32-371-1686,Avaveo,48,12,62,$7.00 ,6/15/2024,5/4/2024,9/19/2024,84 Hoffman Way,59,23,Active
05-425-0746,Onion,Fruits & Vegetables,23-450-0301,Gabspot,50,68,90,$2.00 ,12/12/2024,5/9/2024,6/5/2024,49884 Brickson Park Plaza,40,13,Discontinued
88-807-8431,Haddock,Seafood,66-563-9462,Eire,11,87,43,$9.00 ,1/2/2025,6/6/2024,2/9/2025,2 Russell Alley,86,91,Active
92-362-3567,Tomato,Fruits & Vegetables,40-056-7748,Fivebridge,11,10,60,$2.50 ,10/10/2024,5/6/2024,12/25/2024,826 Melvin Pass,93,53,Discontinued
99-961-0767,Heavy Cream,Dairy,78-954-5649,Tambee,85,15,30,$4.00 ,4/16/2024,10/25/2024,12/6/2024,40113 Blaine Place,95,63,Active
94-092-3355,Cauliflower,Fruits & Vegetables,76-641-2070,Flashspan,57,43,46,$2.50 ,6/13/2024,12/1/2024,8/4/2024,929 Thierer Lane,87,88,Discontinued
29-344-3658,Lime,Fruits & Vegetables,33-546-5056,Yata,75,56,57,$1.90 ,10/27/2024,10/25/2024,9/19/2024,7 Talmadge Street,63,64,Discontinued
60-327-4114,Egg (Turkey),Dairy,59-968-8346,Katz,63,7,23,$2.35 ,9/7/2024,11/22/2024,10/17/2024,3 Bellgrove Way,78,100,Active
75-927-9108,Cabbage,Fruits & Vegetables,27-406-7972,Topdrive,24,32,17,$1.00 ,9/29/2024,6/17/2024,7/2/2024,43 Washington Street,55,72,Discontinued
15-905-7750,Apricot,Fruits & Vegetables,48-176-1622,Skinix,42,61,52,$5.00 ,12/2/2024,1/31/2025,9/29/2024,36687 Maple Avenue,86,99,Backordered
68-973-8812,Sweet Potato,Fruits & Vegetables,31-955-7362,Yodo,44,77,45,$2.00 ,7/27/2024,6/22/2024,5/24/2024,55 Cherokee Circle,89,64,Discontinued
49-570-8214,Sour Cream,Dairy,17-345-5800,Realblab,81,76,10,$4.00 ,5/13/2024,5/27/2024,12/18/2024,1823 Elgar Park,68,100,Backordered
85-781-5386,Salmon,Seafood,89-439-6947,Avavee,78,68,86,$15.00 ,3/25/2024,3/20/2024,12/28/2024,10577 Thierer Plaza,47,95,Discontinued
72-341-1154,Heavy Cream,Dairy,84-090-6472,Yodo,85,66,85,$4.20 ,1/6/2025,10/31/2024,9/9/2024,8682 Golf Course Junction,65,58,Discontinued
28-986-8001,Pomegranate,Fruits & Vegetables,37-281-2537,Kwideo,65,69,4,$6.00 ,8/14/2024,6/15/2024,10/13/2024,4 Old Shore Avenue,80,26,Active
27-495-1912,Potato,Fruits & Vegetables,34-667-8907,Thoughtbridge,26,63,88,$1.20 ,5/9/2024,2/29/2024,5/24/2024,12710 Gulseth Circle,84,70,Active
82-538-4809,Cabbage,Fruits & Vegetables,74-357-2990,Twitternation,83,61,4,$1.00 ,9/16/2024,11/5/2024,10/24/2024,700 Northland Crossing,35,7,Backordered
69-895-3397,Cucumber,Fruits & Vegetables,02-575-2074,Yabox,28,5,9,$1.80 ,1/16/2025,1/16/2025,3/4/2024,98 Melody Street,33,9,Discontinued
44-112-3331,Tuna,Seafood,90-453-4096,Realmix,85,17,96,$18.00 ,11/5/2024,7/2/2024,4/8/2024,63787 Arkansas Street,92,34,Discontinued
93-682-2069,Lime,Fruits & Vegetables,60-038-7810,Roomm,76,39,15,$2.00 ,12/6/2024,6/23/2024,8/16/2024,2718 Londonderry Plaza,77,70,Backordered
49-199-6836,Tomato,Fruits & Vegetables,81-999-7392,Thoughtbeat,100,64,62,$2.50 ,12/15/2024,12/30/2024,8/24/2024,77 Brown Circle,84,44,Discontinued
47-221-2470,Pomegranate,Fruits & Vegetables,30-780-7583,Teklist,17,45,44,$6.00 ,7/25/2024,4/3/2024,10/10/2024,60 Messerschmidt Pass,37,16,Active
71-067-3278,Anchovies,Seafood,76-797-9430,Twitterbridge,51,35,95,$10.00 ,10/22/2024,5/8/2024,8/16/2024,5521 Wayridge Center,80,89,Backordered
89-388-3239,Grapes,Fruits & Vegetables,28-521-7083,Centizu,54,88,43,$5.50 ,2/12/2025,5/24/2024,4/19/2024,4346 Columbus Way,81,77,Backordered
82-931-7126,Asparagus,Fruits & Vegetables,67-596-1997,Vitz,34,95,18,$5.00 ,10/14/2024,10/17/2024,5/12/2024,856 School Plaza,41,26,Discontinued
55-164-7723,Halibut,Seafood,85-454-9252,Gevee,82,31,86,$20.00 ,4/10/2024,5/17/2024,1/8/2025,6410 Northwestern Pass,66,74,Active
61-680-9496,Apple,Fruits & Vegetables,75-448-1356,Wikido,17,14,17,$3.50 ,3/24/2024,10/5/2024,4/14/2024,2 Northridge Street,36,64,Discontinued
26-456-1992,Tilapia,Seafood,60-159-3514,Geba,56,59,87,$7.00 ,1/26/2025,12/23/2024,7/29/2024,1792 Crownhardt Street,65,45,Active
62-998-7250,Evaporated Milk,Dairy,72-002-3904,Photobug,72,3,10,$2.00 ,1/18/2025,7/31/2024,10/5/2024,9171 Redwing Street,52,14,Backordered
38-617-7226,Mushrooms,Fruits & Vegetables,91-215-9838,Bluezoom,65,42,62,$6.30 ,10/24/2024,6/19/2024,7/13/2024,33145 Butterfield Avenue,54,2,Active
00-366-9496,Grapes,Fruits & Vegetables,40-515-1141,Kimia,30,66,28,$5.50 ,8/9/2024,2/8/2025,12/28/2024,898 Rowland Trail,63,98,Active
76-027-4850,Onion,Fruits & Vegetables,75-256-5638,Tavu,39,37,48,$2.00 ,11/27/2024,8/26/2024,6/24/2024,425 Shasta Terrace,25,19,Active
27-269-5260,Pineapple,Fruits & Vegetables,54-724-8610,Rhyloo,14,81,65,$3.50 ,11/17/2024,3/15/2024,10/22/2024,1661 Springview Terrace,74,84,Active
40-126-0515,Carrot,Fruits & Vegetables,78-379-0369,Gigashots,74,37,57,$1.50 ,2/14/2025,3/4/2024,12/18/2024,28351 Cascade Plaza,91,18,Active
31-387-5020,Parmesan Cheese,Dairy,02-811-7933,Buzzbean,63,41,98,$11.90 ,10/22/2024,12/17/2024,8/14/2024,854 Kipling Point,37,7,Active
13-673-7016,Peach,Fruits & Vegetables,78-726-6352,Youfeed,47,67,57,$4.00 ,12/4/2024,7/22/2024,2/23/2025,04 Hagan Crossing,36,48,Backordered
85-212-2729,Egg (Turkey),Dairy,58-226-6435,Browsecat,42,94,79,$2.50 ,12/17/2024,12/21/2024,5/16/2024,93 Longview Junction,61,92,Backordered
99-048-8310,Tomato,Fruits & Vegetables,70-453-8646,Demimbu,32,49,73,$2.50 ,7/6/2024,4/22/2024,5/27/2024,43 Lakewood Junction,80,36,Discontinued
19-112-1616,Lettuce,Fruits & Vegetables,55-251-3001,Quamba,88,56,72,$2.00 ,1/12/2025,4/12/2024,6/28/2024,7698 Logan Drive,25,36,Active
98-546-7398,Yogurt,Dairy,37-921-2953,Thoughtworks,80,69,71,$1.75 ,8/27/2024,5/3/2024,4/17/2024,15658 Talisman Lane,41,43,Backordered
63-874-9747,Orange,Fruits & Vegetables,22-506-4911,Oloo,36,59,90,$3.00 ,7/8/2024,12/9/2024,11/11/2024,183 Buell Park,25,60,Discontinued
65-867-4029,Peach,Fruits & Vegetables,70-591-9841,Livepath,40,83,50,$4.00 ,6/5/2024,9/3/2024,6/16/2024,36124 Carberry Junction,92,50,Active
44-546-5713,Peach,Fruits & Vegetables,61-382-5182,Blogpad,94,69,68,$4.00 ,7/8/2024,1/16/2025,2/13/2025,832 Goodland Alley,24,20,Discontinued
20-031-0532,Mango,Fruits & Vegetables,35-835-8848,Oyoloo,32,63,92,$4.90 ,11/17/2024,7/25/2024,11/9/2024,8239 Laurel Way,84,34,Discontinued
48-242-8445,Plum,Fruits & Vegetables,84-941-3034,Mybuzz,40,3,5,$4.00 ,3/4/2024,6/15/2024,6/24/2024,29 Vera Drive,45,69,Discontinued
33-378-1365,Egg (Goose),Dairy,31-483-9201,Tagchat,50,66,1,$2.50 ,10/22/2024,12/7/2024,2/4/2025,23560 Talmadge Center,76,73,Active
57-763-5501,Cod,Seafood,25-790-1641,Kwimbee,72,29,10,$8.00 ,3/6/2024,4/7/2024,3/24/2024,46 Colorado Place,54,38,Discontinued
71-015-9181,Pomegranate,Fruits & Vegetables,56-196-9896,Tagopia,22,35,55,$6.00 ,8/30/2024,8/27/2024,10/26/2024,62238 Mallory Place,41,27,Active
83-568-3475,Halibut,Seafood,10-950-0546,Camimbo,35,72,70,$20.00 ,4/17/2024,4/4/2024,2/10/2025,29150 Farmco Crossing,74,15,Backordered
79-884-8810,Cucumber,Fruits & Vegetables,14-108-0409,Dabtype,12,93,29,$1.75 ,2/20/2025,12/6/2024,8/15/2024,546 Declaration Place,45,12,Backordered
50-772-2613,Cheddar Cheese,Dairy,74-619-4608,Roomm,86,23,1,$9.00 ,6/20/2024,5/19/2024,3/23/2024,7 Lunder Hill,100,86,Backordered
19-377-5021,Mackerel,Seafood,34-014-5873,Skynoodle,91,96,90,$7.50 ,2/14/2025,8/11/2024,12/24/2024,884 Sloan Drive,90,75,Backordered
39-913-2999,Evaporated Milk,Dairy,74-119-8973,Centimia,23,99,97,$2.00 ,6/9/2024,4/6/2024,4/10/2024,15 Oriole Park,68,76,Discontinued
46-911-1159,Onion,Fruits & Vegetables,30-820-2883,Voolia,98,40,100,$2.00 ,2/3/2025,10/30/2024,12/19/2024,9171 Norway Maple Trail,46,9,Active
40-630-1431,Cherry,Fruits & Vegetables,61-040-9004,Voomm,29,66,21,$8.00 ,10/29/2024,7/11/2024,11/7/2024,8119 Homewood Drive,74,93,Discontinued
15-797-4824,Coconut,Fruits & Vegetables,46-830-4835,Mudo,32,27,26,$5.00 ,5/30/2024,11/20/2024,1/14/2025,25923 Loeprich Junction,38,79,Backordered
37-248-6266,Pear,Fruits & Vegetables,75-553-7424,Youspan,84,74,48,$4.50 ,12/24/2024,10/17/2024,5/24/2024,7051 Calypso Place,64,32,Backordered
22-760-4605,Yogurt,Dairy,01-495-9336,Bubblemix,86,20,67,$1.75 ,2/12/2025,7/7/2024,8/3/2024,09264 Forest Dale Drive,83,82,Discontinued
49-579-4325,Ricotta Cheese,Dairy,98-558-5813,Eadel,64,95,62,$6.00 ,5/24/2024,8/22/2024,5/17/2024,6 Anniversary Circle,55,1,Discontinued
84-546-7624,Cherry,Fruits & Vegetables,34-730-9079,Gigazoom,43,41,100,$8.00 ,6/16/2024,4/8/2024,6/1/2024,61057 Hallows Junction,27,78,Active
03-597-9488,Buttermilk,Dairy,03-983-0515,Wordpedia,70,66,74,$2.50 ,11/11/2024,7/11/2024,3/28/2024,53 Lawn Circle,47,77,Active
89-624-7462,Asparagus,Fruits & Vegetables,39-506-2186,Jaxspan,18,3,39,$5.00 ,10/18/2024,2/16/2025,11/24/2024,25 Drewry Alley,58,61,Backordered
91-426-3204,Haddock,Seafood,86-184-4829,Geba,67,71,4,$9.00 ,12/19/2024,4/14/2024,7/8/2024,269 Dakota Trail,76,34,Backordered
40-913-9772,Egg (Chicken),Dairy,51-215-2283,Einti,36,30,44,$0.20 ,4/11/2024,3/3/2024,5/26/2024,553 Hooker Trail,68,88,Backordered
17-236-0566,Sweet Potato,Fruits & Vegetables,32-402-9679,Einti,95,87,13,$2.00 ,10/12/2024,3/2/2024,8/4/2024,803 5th Alley,61,4,Backordered
15-846-7959,Zucchini,Fruits & Vegetables,47-026-0505,Vidoo,98,14,11,$2.50 ,4/17/2024,12/1/2024,3/20/2024,6251 Eliot Hill,48,38,Discontinued
03-833-3577,Cucumber,Fruits & Vegetables,87-032-6971,Kanoodle,67,14,25,$1.80 ,5/2/2024,8/20/2024,10/16/2024,38 Killdeer Point,81,77,Active
47-548-6500,Onion,Fruits & Vegetables,27-061-4764,Devpulse,20,93,37,$2.00 ,10/20/2024,3/7/2024,12/25/2024,06 Shopko Pass,23,2,Discontinued
12-342-4482,Trout,Seafood,71-300-8176,Topicblab,67,83,90,$11.60 ,10/27/2024,9/30/2024,8/29/2024,374 Blue Bill Park Point,66,77,Active
07-834-3320,Egg (Quail),Dairy,47-831-9154,Trunyx,94,60,78,$0.80 ,12/8/2024,3/7/2024,9/20/2024,79 Monterey Avenue,100,42,Active
64-109-7362,Anchovies,Seafood,38-603-6412,Voolia,86,55,96,$10.00 ,12/19/2024,7/9/2024,9/29/2024,7 Harper Drive,37,53,Backordered
24-975-4231,Green Beans,Fruits & Vegetables,99-145-4924,Jayo,31,61,28,$2.10 ,3/10/2024,7/9/2024,8/17/2024,62494 Longview Drive,55,70,Active
25-522-6043,Gouda Cheese,Dairy,29-122-7037,Kazu,71,93,75,$7.00 ,10/9/2024,8/19/2024,2/3/2025,890 Eggendart Pass,77,58,Discontinued
28-275-5901,Anchovies,Seafood,44-760-4337,Jatri,64,1,92,$10.00 ,4/5/2024,4/23/2024,1/24/2025,4 Doe Crossing Avenue,49,15,Active
63-918-8253,Mango,Fruits & Vegetables,94-157-1762,Devpulse,53,98,23,$5.00 ,2/24/2025,7/4/2024,9/29/2024,917 Westerfield Terrace,41,84,Backordered
57-167-0669,Haddock,Seafood,30-934-3251,Rhybox,19,99,78,$9.00 ,11/21/2024,2/17/2025,12/30/2024,1005 Lyons Junction,29,54,Discontinued
52-402-9245,Broccoli,Fruits & Vegetables,37-519-7762,Plajo,89,40,64,$4.00 ,10/16/2024,2/12/2025,9/19/2024,185 Stone Corner Parkway,93,48,Active
17-647-0503,Cod,Seafood,69-416-9493,Katz,96,12,8,$8.00 ,5/11/2024,5/24/2024,8/20/2024,0 Village Green Street,97,92,Active
67-984-5368,Parmesan Cheese,Dairy,39-714-7313,Yakidoo,52,56,34,$12.00 ,9/27/2024,10/4/2024,7/28/2024,0 Fordem Place,31,69,Backordered
27-387-0428,Halibut,Seafood,62-312-2748,Camido,88,42,68,$20.00 ,6/23/2024,11/29/2024,4/9/2024,1715 Dottie Pass,92,29,Active
48-789-9187,Peach,Fruits & Vegetables,95-944-5323,Browsetype,45,79,95,$4.00 ,12/6/2024,6/26/2024,11/15/2024,41 Stephen Crossing,84,62,Backordered
19-323-0506,Halibut,Seafood,28-977-3789,Skidoo,68,43,96,$20.00 ,11/17/2024,4/28/2024,10/15/2024,5 Ohio Lane,75,35,Backordered
04-637-8815,Apricot,Fruits & Vegetables,60-959-6355,Zoonder,90,91,62,$5.00 ,11/24/2024,11/27/2024,11/24/2024,537 Maple Alley,34,72,Active
60-644-6596,Trout,Seafood,32-745-8366,Rhynoodle,89,67,89,$12.00 ,2/14/2025,1/5/2025,11/10/2024,22 Hudson Pass,96,42,Discontinued
58-005-5343,Cucumber,Fruits & Vegetables,83-401-2709,Youbridge,38,94,87,$1.80 ,5/27/2024,5/3/2024,8/21/2024,43211 Lakeland Place,89,100,Discontinued
67-382-4435,Green Beans,Fruits & Vegetables,49-901-0828,Fivespan,99,37,74,$2.10 ,7/25/2024,12/21/2024,3/2/2024,92 Bartelt Terrace,46,46,Active
46-496-2930,Pomegranate,Fruits & Vegetables,29-295-9755,Eare,66,28,7,$6.00 ,4/27/2024,10/26/2024,8/14/2024,156 Golf Course Alley,85,6,Backordered
54-281-3746,Green Beans,Fruits & Vegetables,08-824-4585,Viva,26,70,52,$2.00 ,9/7/2024,3/10/2024,11/3/2024,00 Ridgeway Plaza,36,10,Discontinued
35-257-9312,Parmesan Cheese,Dairy,35-927-4986,Photospace,80,100,48,$12.00 ,8/18/2024,10/12/2024,4/6/2024,9463 Northland Court,100,28,Backordered
63-897-8088,Zucchini,Fruits & Vegetables,82-313-4469,Skibox,63,56,33,$2.50 ,1/9/2025,6/7/2024,10/16/2024,7944 Elgar Alley,35,16,Backordered
17-504-3699,Sweet Potato,Fruits & Vegetables,81-276-8218,Jaxworks,80,60,71,$2.00 ,10/8/2024,6/15/2024,8/17/2024,18 Daystar Parkway,98,13,Active
46-083-7058,Haddock,Seafood,26-730-0925,Devshare,61,91,40,$9.00 ,1/8/2025,8/27/2024,6/9/2024,21530 Prentice Place,34,76,Active
68-436-1268,Egg (Duck),Dairy,10-694-6636,Aivee,70,92,74,$1.00 ,11/30/2024,8/17/2024,7/11/2024,1 Mockingbird Parkway,95,26,Backordered
93-198-5984,Mango,Fruits & Vegetables,86-441-7850,Skalith,73,69,1,$5.00 ,11/5/2024,5/14/2024,9/17/2024,54706 Prairieview Point,50,67,Active
24-571-1080,Kale,Fruits & Vegetables,07-520-1107,Devshare,60,15,89,$4.00 ,6/7/2024,2/21/2025,4/11/2024,5325 Milwaukee Lane,21,29,Discontinued
73-874-7534,Pomegranate,Fruits & Vegetables,12-566-2563,Twitterwire,88,24,44,$6.00 ,11/5/2024,11/8/2024,12/18/2024,901 Norway Maple Crossing,72,88,Backordered
07-337-9889,Cauliflower,Fruits & Vegetables,84-949-8378,Twitterwire,95,6,59,$2.50 ,12/31/2024,8/15/2024,9/29/2024,4 Loomis Way,49,77,Active
83-400-9746,Mozzarella Cheese,Dairy,02-510-0629,Eidel,24,1,65,$7.00 ,11/18/2024,7/12/2024,2/29/2024,40 Merchant Terrace,58,61,Active
24-579-6500,Anchovies,Seafood,60-309-5783,Zoovu,93,51,70,$10.00 ,4/22/2024,6/12/2024,9/4/2024,4 Stang Place,81,18,Active
15-884-7413,Apple,Fruits & Vegetables,39-412-7454,Geba,77,58,13,$3.50 ,6/22/2024,5/23/2024,4/16/2024,6225 Westend Pass,63,28,Discontinued
79-494-2472,Green Beans,Fruits & Vegetables,04-391-8892,Kanoodle,42,48,18,$2.00 ,1/9/2025,4/19/2024,4/23/2024,1615 Bellgrove Crossing,39,57,Active
36-177-0573,Egg (Turkey),Dairy,62-687-0951,Oyondu,92,1,23,$2.50 ,8/27/2024,10/2/2024,4/13/2024,35 Portage Road,78,36,Discontinued
79-920-2395,Mushrooms,Fruits & Vegetables,70-825-7341,Chatterpoint,81,23,17,$6.25 ,5/26/2024,5/8/2024,7/16/2024,911 Merry Junction,92,78,Active
18-107-7886,Evaporated Milk,Dairy,11-466-3182,Demivee,64,28,35,$2.00 ,11/5/2024,11/7/2024,2/27/2024,55309 6th Junction,74,50,Active
63-168-6018,Cucumber,Fruits & Vegetables,01-853-2191,Bubblemix,60,63,81,$1.80 ,1/26/2025,10/3/2024,5/1/2024,0847 Artisan Hill,74,31,Active
26-000-1012,Parmesan Cheese,Dairy,60-284-1974,Quatz,65,54,29,$12.00 ,11/30/2024,11/29/2024,4/12/2024,3 Bayside Point,69,79,Backordered
13-900-9016,Bell Pepper,Fruits & Vegetables,63-969-9608,Meetz,89,96,94,$4.50 ,6/10/2024,1/6/2025,9/19/2024,521 Burning Wood Trail,38,96,Discontinued
73-997-6251,Bell Pepper,Fruits & Vegetables,17-167-4304,Livetube,94,18,84,$4.50 ,1/4/2025,10/15/2024,9/17/2024,1666 Dayton Terrace,44,49,Discontinued
56-937-8675,Cream,Dairy,37-996-3243,Trilith,62,91,14,$2.50 ,9/21/2024,5/31/2024,12/8/2024,668 Claremont Place,41,77,Discontinued
14-836-2894,Apple,Fruits & Vegetables,82-157-4299,Jabbersphere,44,92,92,$3.50 ,3/8/2024,1/11/2025,9/25/2024,2 Hooker Terrace,41,61,Active
31-403-6234,Tuna,Seafood,00-258-2525,Thoughtbeat,87,24,66,$18.00 ,5/20/2024,11/24/2024,5/4/2024,35 Waxwing Center,22,34,Active
29-092-3453,Spinach,Fruits & Vegetables,41-867-9911,Youbridge,61,17,69,$2.52 ,5/22/2024,5/7/2024,6/17/2024,676 Redwing Trail,31,29,Active
34-709-9237,Carrot,Fruits & Vegetables,66-680-8738,Gigaclub,61,81,99,$1.50 ,10/27/2024,3/13/2024,4/24/2024,1509 Hoard Circle,26,76,Discontinued
13-962-6263,Sweet Potato,Fruits & Vegetables,26-061-5253,Trupe,49,1,28,$2.00 ,12/1/2024,12/23/2024,11/18/2024,7015 Ramsey Lane,97,95,Active
06-731-2162,Lemon,Fruits & Vegetables,17-546-8875,Meejo,87,1,98,$2.50 ,4/7/2024,10/7/2024,7/19/2024,30968 Anzinger Court,61,84,Discontinued
34-538-1180,Sour Cream,Dairy,40-907-4937,Voonder,29,39,80,$4.00 ,5/29/2024,11/3/2024,4/6/2024,19 Aberg Trail,23,85,Backordered
98-148-0940,Egg (Chicken),Dairy,06-175-9657,Babblestorm,63,62,18,$0.20 ,4/17/2024,4/2/2024,11/5/2024,588 Waywood Trail,67,17,Active
38-390-2115,Potato,Fruits & Vegetables,12-433-6490,Rhyzio,42,69,54,$1.20 ,1/19/2025,3/6/2024,3/1/2024,3 Del Mar Point,43,96,Active
02-974-8526,Onion,Fruits & Vegetables,09-387-1119,Mudo,74,4,39,$2.00 ,12/26/2024,4/5/2024,8/7/2024,42 Green Ridge Terrace,97,24,Backordered
84-327-7787,Egg (Chicken),Dairy,97-571-0561,Bubblemix,83,35,43,$0.20 ,8/14/2024,8/26/2024,9/6/2024,739 Rowland Way,94,68,Discontinued
70-005-5970,Apple,Fruits & Vegetables,18-490-4140,Skaboo,84,46,80,$3.50 ,5/18/2024,10/2/2024,12/24/2024,82955 Dayton Street,66,84,Discontinued
63-936-0145,Plum,Fruits & Vegetables,69-415-3675,Thoughtbeat,22,56,72,$4.00 ,4/9/2024,6/8/2024,12/3/2024,95 Kingsford Terrace,70,39,Discontinued
08-196-2703,Peas,Fruits & Vegetables,34-315-1199,Youbridge,100,52,2,$3.00 ,3/8/2024,11/29/2024,10/17/2024,56 Esker Park,86,70,Backordered
22-778-3553,Cheddar Cheese,Dairy,49-590-1752,Quaxo,36,77,49,$9.00 ,4/10/2024,10/24/2024,2/9/2025,0782 Dapin Avenue,30,84,Active
37-610-1999,Halibut,Seafood,19-985-9694,Wikizz,14,67,65,$20.00 ,3/14/2024,10/19/2024,10/19/2024,3 John Wall Point,71,94,Discontinued
28-968-4195,Eggplant,Fruits & Vegetables,17-562-1176,Blogtag,97,52,80,$3.00 ,1/19/2025,7/17/2024,10/13/2024,5 Loftsgordon Trail,22,90,Backordered
43-851-9440,Lime,Fruits & Vegetables,67-674-0287,Camido,14,75,19,$1.90 ,12/24/2024,5/11/2024,3/4/2024,4033 Sloan Hill,100,84,Backordered
54-830-6971,Tilapia,Seafood,94-006-6480,Dynava,100,61,21,$7.00 ,9/21/2024,12/25/2024,5/18/2024,674 Ryan Alley,85,79,Backordered
28-146-2641,Parmesan Cheese,Dairy,82-995-0739,BlogXS,38,67,66,$12.00 ,4/1/2024,12/21/2024,4/8/2024,73 Graedel Street,35,24,Discontinued
82-977-7752,Spinach,Fruits & Vegetables,57-473-8672,Shuffledrive,88,78,17,$2.50 ,9/6/2024,12/28/2024,11/4/2024,58 Corscot Terrace,58,21,Active
62-393-9939,Cheddar Cheese,Dairy,93-877-9384,Gabcube,60,9,89,$9.00 ,6/1/2024,6/2/2024,10/5/2024,5 Oxford Pass,95,63,Active
31-745-6850,Cabbage,Fruits & Vegetables,96-215-2767,Lajo,94,90,12,$0.90 ,10/3/2024,10/24/2024,11/1/2024,081 Jana Lane,98,71,Active
28-044-4102,Papaya,Fruits & Vegetables,93-358-1118,Yakijo,19,28,83,$4.50 ,11/26/2024,3/1/2024,8/27/2024,309 Burning Wood Center,91,73,Discontinued
